Hit_Direction,Response_Position,Ch,x_H,y_H,z_H,x_R,y_R,z_R,Num,Res
1,1,0,0.0,-0.200000003,0.0,0.174999997,0.25,0.0,1,0.533511805704
1,3,0,0.0,0.25,0.0,0.125,0.25,0.034000002,2,0.301662540905
0,6,0,-0.075000003,-0.100000001,0.057,0.125,0.200000003,0.034000002,3,0.561796374382
1,8,0,-0.150000006,0.25,0.097000003,-0.075000003,0.200000003,0.0,4,0.341744543974
0,10,0,-0.125,-0.224999994,0.079999998,-0.075000003,0.200000003,0.034000002,5,0.17475695969
1,10,0,-0.174999997,-0.25,0.0,-0.075000003,0.200000003,0.034000002,6,0.227473752891
0,12,0,0.125,0.224999994,0.034000002,0.125,-0.25,0.034000002,7,0.123131236174
1,12,0,-0.116666667,-0.25,0.114,0.125,-0.25,0.034000002,8,0.204831036898
1,21,0,0.075000003,-0.200000003,0.0,0.174999997,-0.25,0.0,10,1.29970532256
2,24,0,-0.150000006,0.24849999,0.032499999,0.075000003,0.200000003,0.079999998,11,0.0619158224203
0,25,0,0.075000003,0.200000003,0.034,-0.075000003,0.200000003,0.079999998,12,0.600981508246
0,25,0,0.125,0.100000001,0.057,-0.075000003,0.200000003,0.079999998,13,0.791886144718
1,25,0,-0.058333334,0.25,0.114,-0.075000003,0.200000003,0.079999998,14,0.0679606021701
1,25,0,0.075000003,0.200000003,0.017000001,-0.075000003,0.200000003,0.079999998,15,0.295743086755
2,28,0,0.091666669,0.24849999,0.032499999,-0.125,0.25,0.079999998,16,0.319051254832
0,31,0,0.075000003,0.100000001,0.034000002,0.125,0.200000003,0.079999998,17,0.515171179368
0,33,0,0.075000003,-0.100000001,0.079999998,0.125,-0.200000003,0.079999998,18,0.392113098241
0,34,0,0.075000003,0.200000003,0.057,-0.125,-0.200000003,0.079999998,19,0.22313023414
1,34,0,0.075000003,0.200000003,0.057,-0.125,-0.200000003,0.079999998,20,0.137874722196
0,37,0,-0.125,-0.224999994,0.034000002,-0.174999997,0.25,0.114,21,0.271263598749
1,37,0,-0.058333334,0.25,0.114,-0.174999997,0.25,0.114,22,0.165902207257
1,38,0,0.150000006,0.25,0.034000002,-0.174999997,0.25,0.079999998,23,1.39483504608
2,40,0,-0.091666669,0.24849999,0.032499999,0.075000003,0.200000003,0.114,24,0.407872451217
0,50,0,0.125,-0.224999994,0.034000002,-0.058333334,-0.25,0.0,25,0.21165667636
1,52,0,0.0,0.25,0.114,0.125,-0.05,0.034000002,26,0.0544872599841
0,53,0,0.125,0.224999994,0.057,0.075000003,-0.05,0.034000002,27,0.459609369128
1,53,0,-0.150000006,0.25,0.079999998,0.075000003,-0.05,0.034000002,28,0.0837145213029
0,54,0,-0.125,-0.224999994,0.034000002,0.075000003,-0.05,0.079999998,29,0.0935052924178
1,56,0,-0.174999997,-0.25,0.097000003,-0.075000003,-0.075,0.079999998,30,0.0993176444392
0,60,0,0.125,0.25,0.034000002,0.058333334,0.25,0.114,31,1.2979033869
1,60,0,0.125,0.25,0.034000002,0.058333334,0.25,0.114,32,0.0638264697105
2,61,0,-0.091666669,0.24849999,0.032499999,-0.058333334,0.25,0.114,33,0.510869098525
2,61,0,0.091666669,-0.201499999,0.032000002,-0.058333334,0.25,0.114,34,0.135012236805
1,64,0,-0.058333334,-0.25,0.114,-0.150000006,-0.24849999,0.032000002,35,0.0713812115311
0,66,0,-0.075000003,-0.200000003,0.034000002,0.0,0.200000003,0.017000001,36,1.31933425427
1,66,0,-0.075000003,-0.200000003,0.034000002,0.0,0.200000003,0.017000001,37,0.258376560322
2,66,0,0.06666667,0.201499999,0.032499999,0.0,0.200000003,0.017000001,38,0.114121184047
1,71,0,0.0,0.25,0.034000002,-0.033333331,0.24849999,0.032499999,39,0.107596158944
1,72,0,-0.174999997,-0.25,0.034000002,-0.033333331,0.25,0.017000001,40,0.241673525175
0,73,0,-0.075000003,-0.100000001,0.034000002,0.091666669,-0.201499999,0.032000002,41,0.131033402164
1,74,0,0.174999997,-0.25,0.079999998,0.06666667,-0.201499999,0.032000002,42,0.263389964948
0,75,0,0.125,-0.200000003,0.034000002,0.06666667,-0.25,0.032000002,43,0.229542666068
0,75,0,0.125,-0.100000001,0.034000002,0.06666667,-0.25,0.032000002,44,0.115178838396
1,75,0,0.125,-0.200000003,0.034000002,0.06666667,-0.25,0.032000002,45,0.10698575373
0,77,0,0.125,-0.224999994,0.079999998,0.008333335,-0.25,0.032000002,46,0.220206310501
1,78,0,-0.150000006,0.25,0.034000002,0.116666667,-0.25,0.0,47,0.0866048225928
0,84,0,-0.125,-0.200000003,0.057,0.125,-0.205,0.034000002,48,0.185902197126
1,84,0,-0.125,-0.200000003,0.057,0.125,-0.205,0.034000002,49,0.0695360016763
1,85,0,-0.116666667,-0.25,0.0,0.091666669,-0.205,0.032499999,50,0.033972704921
2,85,0,-0.150000006,0.226500005,0.032499999,0.091666669,-0.205,0.032499999,51,0.189343386416
1,91,0,-0.150000006,0.25,0.017000001,-0.008333335,0.201499999,0.032499999,52,0.0343250122727
1,94,0,-0.174999997,-0.25,0.079999998,-0.125,-0.205,0.034000002,53,0.101924401198
1,97,0,0.150000006,-0.25,0.017000001,-0.150000006,-0.201499999,0.032000002,54,0.158026107649
0,99,0,-0.125,-0.25,0.057,-0.091666669,-0.201499999,0.032000002,55,0.182557393252
1,99,0,-0.125,-0.25,0.057,-0.091666669,-0.201499999,0.032000002,56,0.0789466987167
0,102,0,-0.075000003,-0.200000003,0.097000003,-0.06666667,-0.201499999,0.032000002,57,0.170672132077
1,102,0,0.058333334,-0.25,0.114,-0.06666667,-0.201499999,0.032000002,58,0.128180401266
1,102,0,-0.075000003,-0.200000003,0.097000003,-0.06666667,-0.201499999,0.032000002,59,0.0452894728127
0,106,0,0.125,0.25,0.079999998,0.125,-0.205,0.034000002,60,0.119233365472
1,106,0,0.125,0.25,0.079999998,0.125,-0.205,0.034000002,61,0.144181026384
0,109,0,-0.125,-0.200000003,0.034000002,-0.125,-0.205,0.034000002,62,0.0886014582631
1,109,0,-0.125,-0.200000003,0.034000002,-0.125,-0.205,0.034000002,63,0.22386329864
1,110,0,-0.058333334,-0.25,0.114,0.150000006,-0.24849999,0.032000002,64,0.0765608757968
2,110,0,0.091666669,-0.223499998,0.032000002,0.150000006,-0.24849999,0.032000002,65,0.356257542502
2,113,0,-0.06666667,-0.201499999,0.032000002,0.15,-0.2485,0.032000002,66,0.22071792095
0,114,0,0.075000003,0.200000003,0.057,0.15,-0.24849999,0.032000002,67,0.213374903833
1,114,0,-0.174999997,-0.25,0.079999998,0.15,-0.24849999,0.032000002,68,0.0902064241091
1,114,0,0.075000003,0.200000003,0.057,0.15,-0.24849999,0.032000002,69,0.0864956199611
2,116,0,0.091666669,-0.24849999,0.032000002,0.0,0.25,0.034000002,70,0.128730637084
0,119,0,0.075000003,-0.100000001,0.057,0.150000006,0.201499999,0.032499999,71,0.179081979735
0,120,0,0.125,0.25,0.057,0.091666669,0.25,0.017000001,72,0.0
1,120,0,0.125,0.25,0.057,0.091666669,0.25,0.017000001,73,1.00950331263
0,121,0,-0.075000003,0.200000003,0.057,-0.091666669,0.223499998,0.017,74,0.796120854683
1,121,0,-0.075000003,0.200000003,0.057,-0.091666669,0.223499998,0.017,75,0.0664220364352
1,125,0,0.0,0.200000003,0.034000002,0.174999997,-0.201499999,0.032000002,76,0.154248622826
1,126,0,-0.174999997,0.25,0.0,-0.091666669,-0.25,0.017000001,77,0.0209344493327
1,127,0,-0.174999997,0.25,0.034000002,-0.174999997,-0.223499998,0.032000002,78,0.0127793974747
1,131,0,-0.174999997,-0.25,0.114,0.0,-0.200000003,0.017000001,79,0.0287562928885
0,133,0,-0.125,-0.100000001,0.034000002,0.174999997,-0.25,0.017000001,80,0.177815549723
2,134,0,-0.150000006,-0.201499999,0.032000002,0.150000006,0.223499998,0.032499999,81,0.229820196833
1,135,0,0.091666669,0.25,0.017000001,0.174999997,0.223499998,0.032499999,82,0.452678367084
1,139,0,0.150000006,0.25,0.079999998,-0.150000006,0.24849999,0.032499999,83,0.480139350535
0,142,0,0.175,-0.25,0.079999998,-0.116666667,0.25,0.0,84,0.172926664363
1,142,0,0.175,-0.25,0.079999998,-0.116666667,0.25,0.0,85,0.371243421218
2,146,0,0.091666669,0.226500005,0.032499999,0.150000006,0.25,0.017000001,86,0.836289370064
2,146,0,-0.008333335,0.201499999,0.032499999,0.150000006,0.25,0.017000001,87,0.305158156859
0,148,0,-0.075000003,-0.200000003,0.057,0.0,0.25,0.0,88,0.39245126598
1,148,0,-0.075000003,-0.200000003,0.017000001,0.0,0.25,0.0,89,0.131430273518
1,150,0,0.0,0.200000003,0.0,0.174999997,0.25,0.017000001,90,0.186797136871
2,150,0,-0.091666669,0.24849999,0.032499999,0.174999997,0.25,0.017000001,91,0.067807560267
1,151,0,-0.174999997,-0.25,0.097000003,-0.116666667,-0.25,0.0,92,0.0
0,153,0,-0.125,0.200000003,0.057,-0.125,-0.100000001,0.079999998,93,0.105333173969
0,155,0,-0.075000003,-0.200000003,0.034,-0.075000003,-0.100000001,0.034000002,94,0.179494253984
1,155,0,-0.075000003,-0.200000003,0.0,-0.075000003,-0.100000001,0.034000002,95,0.0260334519028
1,161,0,-0.116666667,0.25,0.0,-0.125,-0.200000003,0.057,96,0.0
1,162,0,0.0,0.200000003,0.057,-0.125,-0.100000001,0.034000002,97,0.0126642401209
0,163,0,-0.075000003,0.200000003,0.057,0.075000003,0.100000001,0.057,98,0.948656754522
1,163,0,-0.075000003,0.200000003,0.017000001,0.075000003,0.100000001,0.057,99,0.037915947742
2,164,0,0.174999997,0.24849999,0.032499999,0.075000003,0.200000003,0.057,100,0.273008352932
1,167,0,0.174999997,0.25,0.0,0.075000003,0.0,0.057,101,0.0541429234945
0,168,0,-0.125,-3e-17,0.034000002,0.125,-0.100000001,0.034000002,102,0.0293647077523
1,175,0,0.058333334,-0.25,0.114,-0.125,0.100000001,0.079999998,103,0.184354074405
0,177,0,-0.125,0.200000003,0.079999998,-0.125,0.100000001,0.057,104,0.620269757627
0,177,0,-0.125,0.224999994,0.079999998,-0.125,0.100000001,0.057,105,1.0650918354
1,177,0,-0.125,0.200000003,0.079999998,-0.125,0.100000001,0.057,106,0.0383860220723
1,177,0,0.116666667,0.25,0.0,-0.125,0.100000001,0.057,107,0.207381795354
1,184,0,0.116666667,-0.25,0.0,0.125,-0.224999994,0.079999998,108,0.107428679598
0,186,0,0.125,0.25,0.034000002,-0.125,-0.224999994,0.057,109,0.218911504219
1,186,0,0.125,0.25,0.034000002,-0.125,-0.224999994,0.057,110,0.157245435764
2,190,0,-0.091666669,-0.24849999,0.032000002,0.075000003,0.100000001,0.034000002,111,0.250548648807
0,193,0,0.125,0.224999994,0.079999998,0.0,0.200000003,0.079999998,112,0.774577146326
0,198,0,0.125,0.25,0.034000002,-0.125,0.224999994,0.079999998,113,1.01196188305
1,198,0,0.125,0.25,0.034000002,-0.125,0.224999994,0.079999998,114,0.253775716577
1,199,0,-0.150000006,-0.25,0.034000002,-0.125,-0.224999994,0.079999998,115,0.0154286357278
1,207,0,0.174999997,-0.25,0.114,0.0,-0.200000003,0.079999998,116,0.133965282224
1,207,0,-0.033333331,-0.25,0.097000003,0.0,-0.200000003,0.079999998,117,0.0275113218815
0,208,0,-0.075000003,-0.200000003,0.057,-0.075000003,0.200000003,0.097000003,118,0.324304984801
1,208,0,-0.075000003,-0.200000003,0.017000001,-0.075000003,0.200000003,0.097000003,119,0.0658657802992
2,209,0,0.174999997,0.24849999,0.032499999,-0.150000006,-0.25,0.079999998,120,0.150316221861
2,217,0,-0.174999997,-0.223499998,0.032000002,0.0,-0.200000003,0.097000003,121,0.118421154849
0,218,0,0.075000003,-0.200000003,0.057,0.150000006,-0.25,0.08,122,0.230216534445
1,218,0,0.075000003,-0.200000003,0.0,0.150000006,-0.25,0.097000003,123,0.0965722079902
0,219,0,0.125,-0.224999994,0.057,-0.116666667,-0.25,0.114,124,0.233938880856
0,222,0,-0.075000003,0.100000001,0.034000002,0.0,-0.25,0.114,125,0.0167051848094
2,223,0,0.174999997,0.24849999,0.032499999,0.116666667,-0.25,0.114,126,0.110047284518
0,225,0,0.125,0.25,0.079999998,0.091666669,0.25,0.097000003,127,1.27825650701
1,225,0,0.125,0.25,0.079999998,0.091666669,0.25,0.097000003,128,0.489513862608
0,226,0,-0.075000003,0.200000003,0.057,0.15,0.25,0.114,129,1.13517280136
1,226,0,-0.075000003,0.200000003,0.097000003,0.15,0.25,0.114,130,0.233857631601
2,234,0,-0.008333335,0.201499999,0.0,0.174999997,0.25,0.097000003,131,0.106102908564
1,235,0,-0.116666667,-0.25,0.114,-0.091666669,0.25,0.097000003,132,0.0550873198246
2,238,0,-0.150000006,0.24849999,0.032499999,-0.150000006,0.25,0.079999998,133,0.279332655365
2,239,0,-0.008333335,0.223499998,0.032499999,-0.174999997,0.25,0.097000003,134,0.24028140364
1,1,1,0.0,-0.200000003,0.0,0.174999997,0.25,0.0,1,0.802095637088
1,3,1,0.0,0.25,0.0,0.125,0.25,0.034000002,2,0.350855563497
0,6,1,-0.075000003,-0.100000001,0.057,0.125,0.200000003,0.034000002,3,0.123622769149
1,8,1,-0.150000006,0.25,0.097000003,-0.075000003,0.200000003,0.0,4,1.2176944722
0,10,1,-0.125,-0.224999994,0.079999998,-0.075000003,0.200000003,0.034000002,5,0.109017855957
1,10,1,-0.174999997,-0.25,0.0,-0.075000003,0.200000003,0.034000002,6,0.0
0,12,1,0.125,0.224999994,0.034000002,0.125,-0.25,0.034000002,7,0.223281586897
1,12,1,-0.116666667,-0.25,0.114,0.125,-0.25,0.034000002,8,0.379111300426
1,21,1,0.075000003,-0.200000003,0.0,0.174999997,-0.25,0.0,10,1.39209040082
2,24,1,-0.150000006,0.24849999,0.032499999,0.075000003,0.200000003,0.079999998,11,0.105900336717
0,25,1,0.075000003,0.200000003,0.034,-0.075000003,0.200000003,0.079999998,12,0.168871404286
0,25,1,0.125,0.100000001,0.057,-0.075000003,0.200000003,0.079999998,13,0.92563141925
1,25,1,-0.058333334,0.25,0.114,-0.075000003,0.200000003,0.079999998,14,0.0502240254812
1,25,1,0.075000003,0.200000003,0.017000001,-0.075000003,0.200000003,0.079999998,15,0.0825199925507
2,28,1,0.091666669,0.24849999,0.032499999,-0.125,0.25,0.079999998,16,0.444606786636
0,31,1,0.075000003,0.100000001,0.034000002,0.125,0.200000003,0.079999998,17,0.45453617297
0,33,1,0.075000003,-0.100000001,0.079999998,0.125,-0.200000003,0.079999998,18,0.549356732708
0,34,1,0.075000003,0.200000003,0.057,-0.125,-0.200000003,0.079999998,19,0.155867263081
1,34,1,0.075000003,0.200000003,0.057,-0.125,-0.200000003,0.079999998,20,0.173878001109
0,37,1,-0.125,-0.224999994,0.034000002,-0.174999997,0.25,0.114,21,0.0851047512707
1,37,1,-0.058333334,0.25,0.114,-0.174999997,0.25,0.114,22,0.187683422437
1,38,1,0.150000006,0.25,0.034000002,-0.174999997,0.25,0.079999998,23,0.273475750381
2,40,1,-0.091666669,0.24849999,0.032499999,0.075000003,0.200000003,0.114,24,0.160715494185
0,50,1,0.125,-0.224999994,0.034000002,-0.058333334,-0.25,0.0,25,0.185430721387
1,52,1,0.0,0.25,0.114,0.125,-0.05,0.034000002,26,0.0350174574034
0,53,1,0.125,0.224999994,0.057,0.075000003,-0.05,0.034000002,27,0.770487540188
1,53,1,-0.150000006,0.25,0.079999998,0.075000003,-0.05,0.034000002,28,0.0644532643058
0,54,1,-0.125,-0.224999994,0.034000002,0.075000003,-0.05,0.079999998,29,0.0863338311113
1,56,1,-0.174999997,-0.25,0.097000003,-0.075000003,-0.075,0.079999998,30,0.0366564357392
0,60,1,0.125,0.25,0.034000002,0.058333334,0.25,0.114,31,0.228679842512
1,60,1,0.125,0.25,0.034000002,0.058333334,0.25,0.114,32,0.106840644558
2,61,1,-0.091666669,0.24849999,0.032499999,-0.058333334,0.25,0.114,33,0.181423555436
2,61,1,0.091666669,-0.201499999,0.032000002,-0.058333334,0.25,0.114,34,0.361929203259
1,64,1,-0.058333334,-0.25,0.114,-0.150000006,-0.24849999,0.032000002,35,0.0684754570699
0,66,1,-0.075000003,-0.200000003,0.034000002,0.0,0.200000003,0.017000001,36,0.299921721882
1,66,1,-0.075000003,-0.200000003,0.034000002,0.0,0.200000003,0.017000001,37,0.0856366310134
2,66,1,0.06666667,0.201499999,0.032499999,0.0,0.200000003,0.017000001,38,0.258410280107
1,71,1,0.0,0.25,0.034000002,-0.033333331,0.24849999,0.032499999,39,0.0826239322264
1,72,1,-0.174999997,-0.25,0.034000002,-0.033333331,0.25,0.017000001,40,0.367990897619
0,73,1,-0.075000003,-0.100000001,0.034000002,0.091666669,-0.201499999,0.032000002,41,0.089684607122
1,74,1,0.174999997,-0.25,0.079999998,0.06666667,-0.201499999,0.032000002,42,0.121310327252
0,75,1,0.125,-0.200000003,0.034000002,0.06666667,-0.25,0.032000002,43,0.0733333101121
0,75,1,0.125,-0.100000001,0.034000002,0.06666667,-0.25,0.032000002,44,0.0792072510155
1,75,1,0.125,-0.200000003,0.034000002,0.06666667,-0.25,0.032000002,45,1.10111212136
0,77,1,0.125,-0.224999994,0.079999998,0.008333335,-0.25,0.032000002,46,0.0747209560235
1,78,1,-0.150000006,0.25,0.034000002,0.116666667,-0.25,0.0,47,0.310795577465
0,84,1,-0.125,-0.200000003,0.057,0.125,-0.205,0.034000002,48,0.0724413966289
1,84,1,-0.125,-0.200000003,0.057,0.125,-0.205,0.034000002,49,0.119668243037
1,85,1,-0.116666667,-0.25,0.0,0.091666669,-0.205,0.032499999,50,0.147973846465
2,85,1,-0.150000006,0.226500005,0.032499999,0.091666669,-0.205,0.032499999,51,0.110569215411
1,91,1,-0.150000006,0.25,0.017000001,-0.008333335,0.201499999,0.032499999,52,0.0487942494037
1,94,1,-0.174999997,-0.25,0.079999998,-0.125,-0.205,0.034000002,53,0.0692507847308
1,97,1,0.150000006,-0.25,0.017000001,-0.150000006,-0.201499999,0.032000002,54,0.239464955037
0,99,1,-0.125,-0.25,0.057,-0.091666669,-0.201499999,0.032000002,55,0.148413717892
1,99,1,-0.125,-0.25,0.057,-0.091666669,-0.201499999,0.032000002,56,0.0774056499078
0,102,1,-0.075000003,-0.200000003,0.097000003,-0.06666667,-0.201499999,0.032000002,57,0.0200912893879
1,102,1,0.058333334,-0.25,0.114,-0.06666667,-0.201499999,0.032000002,58,0.113596649182
1,102,1,-0.075000003,-0.200000003,0.097000003,-0.06666667,-0.201499999,0.032000002,59,0.0370859414833
0,106,1,0.125,0.25,0.079999998,0.125,-0.205,0.034000002,60,0.0576473194038
1,106,1,0.125,0.25,0.079999998,0.125,-0.205,0.034000002,61,0.278544888481
0,109,1,-0.125,-0.200000003,0.034000002,-0.125,-0.205,0.034000002,62,0.0
1,109,1,-0.125,-0.200000003,0.034000002,-0.125,-0.205,0.034000002,63,0.075594248938
1,110,1,-0.058333334,-0.25,0.114,0.150000006,-0.24849999,0.032000002,64,0.728970526507
2,110,1,0.091666669,-0.223499998,0.032000002,0.150000006,-0.24849999,0.032000002,65,2.18524313732
2,113,1,-0.06666667,-0.201499999,0.032000002,0.15,-0.2485,0.032000002,66,0.671355774041
0,114,1,0.075000003,0.200000003,0.057,0.15,-0.24849999,0.032000002,67,0.083597599578
1,114,1,-0.174999997,-0.25,0.079999998,0.15,-0.24849999,0.032000002,68,0.177874234268
1,114,1,0.075000003,0.200000003,0.057,0.15,-0.24849999,0.032000002,69,0.070354011
2,116,1,0.091666669,-0.24849999,0.032000002,0.0,0.25,0.034000002,70,0.0545213356425
0,119,1,0.075000003,-0.100000001,0.057,0.150000006,0.201499999,0.032499999,71,0.206564377282
0,120,1,0.125,0.25,0.057,0.091666669,0.25,0.017000001,72,0.0828462086062
1,120,1,0.125,0.25,0.057,0.091666669,0.25,0.017000001,73,0.373389824815
0,121,1,-0.075000003,0.200000003,0.057,-0.091666669,0.223499998,0.017,74,0.0793318253044
1,121,1,-0.075000003,0.200000003,0.057,-0.091666669,0.223499998,0.017,75,0.0447548124025
1,125,1,0.0,0.200000003,0.034000002,0.174999997,-0.201499999,0.032000002,76,0.053372500228
1,126,1,-0.174999997,0.25,0.0,-0.091666669,-0.25,0.017000001,77,0.0429493988268
1,127,1,-0.174999997,0.25,0.034000002,-0.174999997,-0.223499998,0.032000002,78,0.0996999651054
1,131,1,-0.174999997,-0.25,0.114,0.0,-0.200000003,0.017000001,79,0.0
0,133,1,-0.125,-0.100000001,0.034000002,0.174999997,-0.25,0.017000001,80,0.093460076257
2,134,1,-0.150000006,-0.201499999,0.032000002,0.150000006,0.223499998,0.032499999,81,0.203430534431
1,135,1,0.091666669,0.25,0.017000001,0.174999997,0.223499998,0.032499999,82,0.177275822377
1,139,1,0.150000006,0.25,0.079999998,-0.150000006,0.24849999,0.032499999,83,0.0
0,142,1,0.175,-0.25,0.079999998,-0.116666667,0.25,0.0,84,0.0
1,142,1,0.175,-0.25,0.079999998,-0.116666667,0.25,0.0,85,0.272291426947
2,146,1,0.091666669,0.226500005,0.032499999,0.150000006,0.25,0.017000001,86,2.25735516175
2,146,1,-0.008333335,0.201499999,0.032499999,0.150000006,0.25,0.017000001,87,0.809756792777
0,148,1,-0.075000003,-0.200000003,0.057,0.0,0.25,0.0,88,0.244052468092
1,148,1,-0.075000003,-0.200000003,0.017000001,0.0,0.25,0.0,89,0.409045407794
1,150,1,0.0,0.200000003,0.0,0.174999997,0.25,0.017000001,90,0.256365298383
2,150,1,-0.091666669,0.24849999,0.032499999,0.174999997,0.25,0.017000001,91,0.404707726085
1,151,1,-0.174999997,-0.25,0.097000003,-0.116666667,-0.25,0.0,92,0.0157864700986
0,153,1,-0.125,0.200000003,0.057,-0.125,-0.100000001,0.079999998,93,0.114147061392
0,155,1,-0.075000003,-0.200000003,0.034,-0.075000003,-0.100000001,0.034000002,94,0.0218047230729
1,155,1,-0.075000003,-0.200000003,0.0,-0.075000003,-0.100000001,0.034000002,95,0.0403594750741
1,161,1,-0.116666667,0.25,0.0,-0.125,-0.200000003,0.057,96,0.115221176804
1,162,1,0.0,0.200000003,0.057,-0.125,-0.100000001,0.034000002,97,0.174689867325
0,163,1,-0.075000003,0.200000003,0.057,0.075000003,0.100000001,0.057,98,0.483087247875
1,163,1,-0.075000003,0.200000003,0.017000001,0.075000003,0.100000001,0.057,99,0.136543179542
2,164,1,0.174999997,0.24849999,0.032499999,0.075000003,0.200000003,0.057,100,0.0229150877633
1,167,1,0.174999997,0.25,0.0,0.075000003,0.0,0.057,101,0.0262743297001
0,168,1,-0.125,-2.77556e-17,0.034000002,0.125,-0.100000001,0.034000002,102,0.0510514124046
1,175,1,0.058333334,-0.25,0.114,-0.125,0.100000001,0.079999998,103,0.150888763591
0,177,1,-0.125,0.200000003,0.079999998,-0.125,0.100000001,0.057,104,0.130749474321
0,177,1,-0.125,0.224999994,0.079999998,-0.125,0.100000001,0.057,105,0.294605217151
1,177,1,-0.125,0.200000003,0.079999998,-0.125,0.100000001,0.057,106,0.0758842354673
1,177,1,0.116666667,0.25,0.0,-0.125,0.100000001,0.057,107,0.0849074264756
1,184,1,0.116666667,-0.25,0.0,0.125,-0.224999994,0.079999998,108,0.0990003769552
0,186,1,0.125,0.25,0.034000002,-0.125,-0.224999994,0.057,109,0.40832854986
1,186,1,0.125,0.25,0.034000002,-0.125,-0.224999994,0.057,110,0.0685289225453
2,190,1,-0.091666669,-0.24849999,0.032000002,0.075000003,0.100000001,0.034000002,111,0.124806644218
0,193,1,0.125,0.224999994,0.079999998,0.0,0.200000003,0.079999998,112,0.151129696728
0,198,1,0.125,0.25,0.034000002,-0.125,0.224999994,0.079999998,113,0.101521724706
1,198,1,0.125,0.25,0.034000002,-0.125,0.224999994,0.079999998,114,0.0827527063751
1,199,1,-0.150000006,-0.25,0.034000002,-0.125,-0.224999994,0.079999998,115,0.0
1,207,1,0.174999997,-0.25,0.114,0.0,-0.200000003,0.079999998,116,0.0652463880202
1,207,1,-0.033333331,-0.25,0.097000003,0.0,-0.200000003,0.079999998,117,0.053941970617
0,208,1,-0.075000003,-0.200000003,0.057,-0.075000003,0.200000003,0.097000003,118,0.0946863994636
1,208,1,-0.075000003,-0.200000003,0.017000001,-0.075000003,0.200000003,0.097000003,119,0.0280693456425
2,209,1,0.174999997,0.24849999,0.032499999,-0.150000006,-0.25,0.079999998,120,0.0
2,217,1,-0.174999997,-0.223499998,0.032000002,0.0,-0.200000003,0.097000003,121,0.886925396719
0,218,1,0.075000003,-0.200000003,0.057,0.150000006,-0.25,0.08,122,0.131789576508
1,218,1,0.075000003,-0.200000003,0.0,0.150000006,-0.25,0.097000003,123,0.0
0,219,1,0.125,-0.224999994,0.057,-0.116666667,-0.25,0.114,124,0.106855272487
0,222,1,-0.075000003,0.100000001,0.034000002,0.0,-0.25,0.114,125,0.0341124681509
2,223,1,0.174999997,0.24849999,0.032499999,0.116666667,-0.25,0.114,126,0.164424843631
0,225,1,0.125,0.25,0.079999998,0.091666669,0.25,0.097000003,127,0.424728670511
1,225,1,0.125,0.25,0.079999998,0.091666669,0.25,0.097000003,128,0.687302679745
0,226,1,-0.075000003,0.200000003,0.057,0.15,0.25,0.114,129,0.35415803167
1,226,1,-0.075000003,0.200000003,0.097000003,0.15,0.25,0.114,130,2.29033732443
2,234,1,-0.008333335,0.201499999,0.0,0.174999997,0.25,0.097000003,131,0.483161484013
1,235,1,-0.116666667,-0.25,0.114,-0.091666669,0.25,0.097000003,132,0.0771552827355
2,238,1,-0.150000006,0.24849999,0.032499999,-0.150000006,0.25,0.079999998,133,0.815576557365
2,239,1,-0.008333335,0.223499998,0.032499999,-0.174999997,0.25,0.097000003,134,0.465814625548
1,1,2,0.0,-0.200000003,0.0,0.174999997,0.25,0.0,1,0.0635775555843
1,3,2,0.0,0.25,0.0,0.125,0.25,0.034000002,2,0.989307386011
0,6,2,-0.075000003,-0.100000001,0.057,0.125,0.200000003,0.034000002,3,0.116424277156
1,8,2,-0.150000006,0.25,0.097000003,-0.075000003,0.200000003,0.0,4,0.0903740743514
0,10,2,-0.125,-0.224999994,0.079999998,-0.075000003,0.200000003,0.034000002,5,0.0767707943137
1,10,2,-0.174999997,-0.25,0.0,-0.075000003,0.200000003,0.034000002,6,0.0
0,12,2,0.125,0.224999994,0.034000002,0.125,-0.25,0.034000002,7,0.192625027708
1,12,2,-0.116666667,-0.25,0.114,0.125,-0.25,0.034000002,8,0.0
1,21,2,0.075000003,-0.200000003,0.0,0.174999997,-0.25,0.0,10,0.09784558537
2,24,2,-0.150000006,0.24849999,0.032499999,0.075000003,0.200000003,0.079999998,11,2.04980826215
0,25,2,0.075000003,0.200000003,0.034,-0.075000003,0.200000003,0.079999998,12,0.163304423299
0,25,2,0.125,0.100000001,0.057,-0.075000003,0.200000003,0.079999998,13,0.0959297023082
1,25,2,-0.058333334,0.25,0.114,-0.075000003,0.200000003,0.079999998,14,0.10460445139
1,25,2,0.075000003,0.200000003,0.017000001,-0.075000003,0.200000003,0.079999998,15,0.177285742549
2,28,2,0.091666669,0.24849999,0.032499999,-0.125,0.25,0.079999998,16,1.41555983208
0,31,2,0.075000003,0.100000001,0.034000002,0.125,0.200000003,0.079999998,17,0.230272802178
0,33,2,0.075000003,-0.100000001,0.079999998,0.125,-0.200000003,0.079999998,18,0.102960597424
0,34,2,0.075000003,0.200000003,0.057,-0.125,-0.200000003,0.079999998,19,0.124911073236
1,34,2,0.075000003,0.200000003,0.057,-0.125,-0.200000003,0.079999998,20,0.153195967468
0,37,2,-0.125,-0.224999994,0.034000002,-0.174999997,0.25,0.114,21,0.228065406942
1,37,2,-0.058333334,0.25,0.114,-0.174999997,0.25,0.114,22,0.0869500959068
1,38,2,0.150000006,0.25,0.034000002,-0.174999997,0.25,0.079999998,23,0.452267515235
2,40,2,-0.091666669,0.24849999,0.032499999,0.075000003,0.200000003,0.114,24,0.311096456014
0,50,2,0.125,-0.224999994,0.034000002,-0.058333334,-0.25,0.0,25,0.179110557395
1,52,2,0.0,0.25,0.114,0.125,-0.05,0.034000002,26,0.584103419327
0,53,2,0.125,0.224999994,0.057,0.075000003,-0.05,0.034000002,27,0.986152865304
1,53,2,-0.150000006,0.25,0.079999998,0.075000003,-0.05,0.034000002,28,0.23521271349
0,54,2,-0.125,-0.224999994,0.034000002,0.075000003,-0.05,0.079999998,29,0.110367034283
1,56,2,-0.174999997,-0.25,0.097000003,-0.075000003,-0.075,0.079999998,30,0.0125513319685
0,60,2,0.125,0.25,0.034000002,0.058333334,0.25,0.114,31,0.227095254436
1,60,2,0.125,0.25,0.034000002,0.058333334,0.25,0.114,32,0.0751880243739
2,61,2,-0.091666669,0.24849999,0.032499999,-0.058333334,0.25,0.114,33,1.03214192637
2,61,2,0.091666669,-0.201499999,0.032000002,-0.058333334,0.25,0.114,34,0.23703692573
1,64,2,-0.058333334,-0.25,0.114,-0.150000006,-0.24849999,0.032000002,35,0.0117004739331
0,66,2,-0.075000003,-0.200000003,0.034000002,0.0,0.200000003,0.017000001,36,0.161301157266
1,66,2,-0.075000003,-0.200000003,0.034000002,0.0,0.200000003,0.017000001,37,0.0
2,66,2,0.06666667,0.201499999,0.032499999,0.0,0.200000003,0.017000001,38,0.799162198426
1,71,2,0.0,0.25,0.034000002,-0.033333331,0.24849999,0.032499999,39,0.0601778320895
1,72,2,-0.174999997,-0.25,0.034000002,-0.033333331,0.25,0.017000001,40,0.0805071788643
0,73,2,-0.075000003,-0.100000001,0.034000002,0.091666669,-0.201499999,0.032000002,41,0.0581744862628
1,74,2,0.174999997,-0.25,0.079999998,0.06666667,-0.201499999,0.032000002,42,0.0723661904691
0,75,2,0.125,-0.200000003,0.034000002,0.06666667,-0.25,0.032000002,43,0.0170209175703
0,75,2,0.125,-0.100000001,0.034000002,0.06666667,-0.25,0.032000002,44,0.0653633569118
1,75,2,0.125,-0.200000003,0.034000002,0.06666667,-0.25,0.032000002,45,0.0588470240365
0,77,2,0.125,-0.224999994,0.079999998,0.008333335,-0.25,0.032000002,46,0.0104229347968
1,78,2,-0.150000006,0.25,0.034000002,0.116666667,-0.25,0.0,47,0.0308367098476
0,84,2,-0.125,-0.200000003,0.057,0.125,-0.205,0.034000002,48,0.0587791619319
1,84,2,-0.125,-0.200000003,0.057,0.125,-0.205,0.034000002,49,0.11622514803
1,85,2,-0.116666667,-0.25,0.0,0.091666669,-0.205,0.032499999,50,0.0773674027292
2,85,2,-0.150000006,0.226500005,0.032499999,0.091666669,-0.205,0.032499999,51,0.203789687185
1,91,2,-0.150000006,0.25,0.017000001,-0.008333335,0.201499999,0.032499999,52,0.0263077252108
1,94,2,-0.174999997,-0.25,0.079999998,-0.125,-0.205,0.034000002,53,0.0639257235412
1,97,2,0.150000006,-0.25,0.017000001,-0.150000006,-0.201499999,0.032000002,54,0.803856763095
0,99,2,-0.125,-0.25,0.057,-0.091666669,-0.201499999,0.032000002,55,0.100958967066
1,99,2,-0.125,-0.25,0.057,-0.091666669,-0.201499999,0.032000002,56,0.0072721146663
0,102,2,-0.075000003,-0.200000003,0.097000003,-0.06666667,-0.201499999,0.032000002,57,0.0745993854364
1,102,2,0.058333334,-0.25,0.114,-0.06666667,-0.201499999,0.032000002,58,0.0511323488302
1,102,2,-0.075000003,-0.200000003,0.097000003,-0.06666667,-0.201499999,0.032000002,59,0.0640615434972
0,106,2,0.125,0.25,0.079999998,0.125,-0.205,0.034000002,60,0.0371885763938
1,106,2,0.125,0.25,0.079999998,0.125,-0.205,0.034000002,61,0.246046914483
0,109,2,-0.125,-0.200000003,0.034000002,-0.125,-0.205,0.034000002,62,0.121522968563
1,109,2,-0.125,-0.200000003,0.034000002,-0.125,-0.205,0.034000002,63,0.111958238868
1,110,2,-0.058333334,-0.25,0.114,0.150000006,-0.24849999,0.032000002,64,0.0497224223656
2,110,2,0.091666669,-0.223499998,0.032000002,0.150000006,-0.24849999,0.032000002,65,1.12616079164
2,113,2,-0.06666667,-0.201499999,0.032000002,0.15,-0.2485,0.032000002,66,0.0635873465111
0,114,2,0.075000003,0.200000003,0.057,0.15,-0.24849999,0.032000002,67,0.0944159985141
1,114,2,-0.174999997,-0.25,0.079999998,0.15,-0.24849999,0.032000002,68,0.0
1,114,2,0.075000003,0.200000003,0.057,0.15,-0.24849999,0.032000002,69,0.0135694818494
2,116,2,0.091666669,-0.24849999,0.032000002,0.0,0.25,0.034000002,70,0.135361638868
0,119,2,0.075000003,-0.100000001,0.057,0.150000006,0.201499999,0.032499999,71,0.269111780073
0,120,2,0.125,0.25,0.057,0.091666669,0.25,0.017000001,72,0.0707831883663
1,120,2,0.125,0.25,0.057,0.091666669,0.25,0.017000001,73,0.373615361399
0,121,2,-0.075000003,0.200000003,0.057,-0.091666669,0.223499998,0.017,74,0.0203542766692
1,121,2,-0.075000003,0.200000003,0.057,-0.091666669,0.223499998,0.017,75,0.0668715332405
1,125,2,0.0,0.200000003,0.034000002,0.174999997,-0.201499999,0.032000002,76,0.0372071229023
1,126,2,-0.174999997,0.25,0.0,-0.091666669,-0.25,0.017000001,77,0.0117392752439
1,127,2,-0.174999997,0.25,0.034000002,-0.174999997,-0.223499998,0.032000002,78,0.0250914960071
1,131,2,-0.174999997,-0.25,0.114,0.0,-0.200000003,0.017000001,79,0.0354049397145
0,133,2,-0.125,-0.100000001,0.034000002,0.174999997,-0.25,0.017000001,80,0.251371656175
2,134,2,-0.150000006,-0.201499999,0.032000002,0.150000006,0.223499998,0.032499999,81,0.159241780034
1,135,2,0.091666669,0.25,0.017000001,0.174999997,0.223499998,0.032499999,82,0.990826965418
1,139,2,0.150000006,0.25,0.079999998,-0.150000006,0.24849999,0.032499999,83,0.162473424547
0,142,2,0.175,-0.25,0.079999998,-0.116666667,0.25,0.0,84,0.0442937844575
1,142,2,0.175,-0.25,0.079999998,-0.116666667,0.25,0.0,85,0.210013911804
2,146,2,0.091666669,0.226500005,0.032499999,0.150000006,0.25,0.017000001,86,2.95883733648
2,146,2,-0.008333335,0.201499999,0.032499999,0.150000006,0.25,0.017000001,87,0.96321064206
0,148,2,-0.075000003,-0.200000003,0.057,0.0,0.25,0.0,88,0.107144762419
1,148,2,-0.075000003,-0.200000003,0.017000001,0.0,0.25,0.0,89,0.169074912797
1,150,2,0.0,0.200000003,0.0,0.174999997,0.25,0.017000001,90,0.41471862549
2,150,2,-0.091666669,0.24849999,0.032499999,0.174999997,0.25,0.017000001,91,0.550876624157
1,151,2,-0.174999997,-0.25,0.097000003,-0.116666667,-0.25,0.0,92,0.0
0,153,2,-0.125,0.200000003,0.057,-0.125,-0.100000001,0.079999998,93,0.0
0,155,2,-0.075000003,-0.200000003,0.034,-0.075000003,-0.100000001,0.034000002,94,0.333494877271
1,155,2,-0.075000003,-0.200000003,0.0,-0.075000003,-0.100000001,0.034000002,95,0.0198350162493
1,161,2,-0.116666667,0.25,0.0,-0.125,-0.200000003,0.057,96,0.0620276847906
1,162,2,0.0,0.200000003,0.057,-0.125,-0.100000001,0.034000002,97,0.0911283250615
0,163,2,-0.075000003,0.200000003,0.057,0.075000003,0.100000001,0.057,98,0.531961029759
1,163,2,-0.075000003,0.200000003,0.017000001,0.075000003,0.100000001,0.057,99,0.333186870313
2,164,2,0.174999997,0.24849999,0.032499999,0.075000003,0.200000003,0.057,100,0.915502420244
1,167,2,0.174999997,0.25,0.0,0.075000003,0.0,0.057,101,0.0734868957238
0,168,2,-0.125,-2.77556e-17,0.034000002,0.125,-0.100000001,0.034000002,102,0.0601264954282
1,175,2,0.058333334,-0.25,0.114,-0.125,0.100000001,0.079999998,103,0.0192673239058
0,177,2,-0.125,0.200000003,0.079999998,-0.125,0.100000001,0.057,104,0.175741987811
0,177,2,-0.125,0.224999994,0.079999998,-0.125,0.100000001,0.057,105,0.446960486336
1,177,2,-0.125,0.200000003,0.079999998,-0.125,0.100000001,0.057,106,0.234193566755
1,177,2,0.116666667,0.25,0.0,-0.125,0.100000001,0.057,107,0.076637207005
1,184,2,0.116666667,-0.25,0.0,0.125,-0.224999994,0.079999998,108,0.00902541227385
0,186,2,0.125,0.25,0.034000002,-0.125,-0.224999994,0.057,109,0.266683250802
1,186,2,0.125,0.25,0.034000002,-0.125,-0.224999994,0.057,110,0.0309686195322
2,190,2,-0.091666669,-0.24849999,0.032000002,0.075000003,0.100000001,0.034000002,111,0.424839082544
0,193,2,0.125,0.224999994,0.079999998,0.0,0.200000003,0.079999998,112,0.0955267402945
0,198,2,0.125,0.25,0.034000002,-0.125,0.224999994,0.079999998,113,0.119697000841
1,198,2,0.125,0.25,0.034000002,-0.125,0.224999994,0.079999998,114,0.10435243139
1,199,2,-0.150000006,-0.25,0.034000002,-0.125,-0.224999994,0.079999998,115,0.0762870194696
1,207,2,0.174999997,-0.25,0.114,0.0,-0.200000003,0.079999998,116,0.0750983355541
1,207,2,-0.033333331,-0.25,0.097000003,0.0,-0.200000003,0.079999998,117,0.0368955559098
0,208,2,-0.075000003,-0.200000003,0.057,-0.075000003,0.200000003,0.097000003,118,0.11751250766
1,208,2,-0.075000003,-0.200000003,0.017000001,-0.075000003,0.200000003,0.097000003,119,0.0315737267617
2,209,2,0.174999997,0.24849999,0.032499999,-0.150000006,-0.25,0.079999998,120,0.110835804795
2,217,2,-0.174999997,-0.223499998,0.032000002,0.0,-0.200000003,0.097000003,121,0.229776680828
0,218,2,0.075000003,-0.200000003,0.057,0.150000006,-0.25,0.08,122,0.0774365918443
1,218,2,0.075000003,-0.200000003,0.0,0.150000006,-0.25,0.097000003,123,0.0161661996216
0,219,2,0.125,-0.224999994,0.057,-0.116666667,-0.25,0.114,124,0.117966273242
0,222,2,-0.075000003,0.100000001,0.034000002,0.0,-0.25,0.114,125,0.0364699975785
2,223,2,0.174999997,0.24849999,0.032499999,0.116666667,-0.25,0.114,126,0.118397149133
0,225,2,0.125,0.25,0.079999998,0.091666669,0.25,0.097000003,127,0.458610766121
1,225,2,0.125,0.25,0.079999998,0.091666669,0.25,0.097000003,128,0.496548275192
0,226,2,-0.075000003,0.200000003,0.057,0.15,0.25,0.114,129,0.261986156856
1,226,2,-0.075000003,0.200000003,0.097000003,0.15,0.25,0.114,130,0.19104965534
2,234,2,-0.008333335,0.201499999,0.0,0.174999997,0.25,0.097000003,131,1.36090907184
1,235,2,-0.116666667,-0.25,0.114,-0.091666669,0.25,0.097000003,132,0.0931158622994
2,238,2,-0.150000006,0.24849999,0.032499999,-0.150000006,0.25,0.079999998,133,1.02870574438
2,239,2,-0.008333335,0.223499998,0.032499999,-0.174999997,0.25,0.097000003,134,0.585959355604
