Num,Ch,Res,Hit_Direction,x_H,y_H,z_H,x_R,y_R,z_R
11,0,0.112581592603,1,-0.117,0.25,0.114,0.125,0.2,0.057
11,2,0.108986515036,1,-0.117,0.25,0.114,0.125,0.2,0.057
11,1,0.100874635322,1,-0.117,0.25,0.114,0.125,0.2,0.057
24,0,0.0575525768841,0,-0.075,0.0,0.057,-0.075,-0.1,0.057
24,2,0.0324660779148,0,-0.075,0.0,0.057,-0.075,-0.1,0.057
24,1,0.0,0,-0.075,0.0,0.057,-0.075,-0.1,0.057
27,0,0.0,2,0.092,0.227,0.032,-0.092,-0.25,0.017
27,2,0.11424733794,2,0.092,0.227,0.032,-0.092,-0.25,0.017
27,1,0.0,2,0.092,0.227,0.032,-0.092,-0.25,0.017
36,0,0.0,1,0.075,0.2,0.097,0.125,-0.2,0.08
36,2,0.0812497053861,1,0.075,0.2,0.097,0.125,-0.2,0.08
36,1,0.0,1,0.075,0.2,0.097,0.125,-0.2,0.08
49,0,0.0,1,0.075,0.2,0.08,-0.125,-0.1,0.034
49,2,0.22437513391,1,0.075,0.2,0.08,-0.125,-0.1,0.034
49,1,0.0975889193797,1,0.075,0.2,0.08,-0.125,-0.1,0.034
50,0,0.198699291725,2,0.092,0.227,0.032,-0.125,-0.1,0.034
50,2,0.278581298645,2,0.092,0.227,0.032,-0.125,-0.1,0.034
50,1,0.101975073572,2,0.092,0.227,0.032,-0.125,-0.1,0.034
1,0,0.211571977464,2,-0.125,-0.201,0.032,-0.125,0.25,0.034
1,2,0.192297104512,2,-0.125,-0.201,0.032,-0.125,0.25,0.034
1,1,0.0,2,-0.125,-0.201,0.032,-0.125,0.25,0.034
10,0,0.123113415484,1,0.125,0.2,0.057,-0.075,-0.2,0.08
10,2,0.0428948349777,1,0.125,0.2,0.057,-0.075,-0.2,0.08
10,1,0.0625347257795,1,0.125,0.2,0.057,-0.075,-0.2,0.08
11,0,0.0,1,-0.117,0.25,0.114,0.125,0.2,0.057
11,2,0.0748909477998,1,-0.117,0.25,0.114,0.125,0.2,0.057
11,1,0.0,1,-0.117,0.25,0.114,0.125,0.2,0.057
13,0,0.220358986674,2,-0.175,0.201,0.0,0.125,0.2,0.057
13,2,0.535356251002,2,-0.175,0.201,0.0,0.125,0.2,0.057
13,1,0.0,2,-0.175,0.201,0.0,0.125,0.2,0.057
14,0,0.846536910526,0,0.125,0.1,0.08,0.125,0.2,0.057
14,2,0.35236358747,0,0.125,0.1,0.08,0.125,0.2,0.057
14,1,0.433992207626,0,0.125,0.1,0.08,0.125,0.2,0.057
15,0,0.0542113963745,0,-0.075,-0.1,0.034,0.125,0.2,0.057
15,2,0.0561824169659,0,-0.075,-0.1,0.034,0.125,0.2,0.057
15,1,0.0,0,-0.075,-0.1,0.034,0.125,0.2,0.057
16,0,0.0,1,-0.125,0.25,0.034,-0.075,0.1,0.057
16,2,0.0521667281502,1,-0.125,0.25,0.034,-0.075,0.1,0.057
16,1,0.0689788034903,1,-0.125,0.25,0.034,-0.075,0.1,0.057
17,0,0.0,1,-0.125,0.25,0.08,-0.075,0.1,0.057
17,2,0.121169261027,1,-0.125,0.25,0.08,-0.075,0.1,0.057
17,1,0.107655952775,1,-0.125,0.25,0.08,-0.075,0.1,0.057
18,0,0.0,0,0.125,-0.2,0.034,-0.075,0.1,0.057
18,2,0.0,0,0.125,-0.2,0.034,-0.075,0.1,0.057
18,1,0.0,0,0.125,-0.2,0.034,-0.075,0.1,0.057
19,0,0.0,1,0.075,-0.2,0.017,-0.075,0.1,0.057
19,2,0.0,1,0.075,-0.2,0.017,-0.075,0.1,0.057
19,1,0.0,1,0.075,-0.2,0.017,-0.075,0.1,0.057
20,0,0.0,0,-0.075,-0.1,0.08,-0.075,0.1,0.057
20,2,0.098785649608,0,-0.075,-0.1,0.08,-0.075,0.1,0.057
20,1,0.0,0,-0.075,-0.1,0.08,-0.075,0.1,0.057
21,0,0.0,1,0.125,0.25,0.034,-0.075,-0.1,0.057
21,2,0.0,1,0.125,0.25,0.034,-0.075,-0.1,0.057
21,1,0.0973173089391,1,0.125,0.25,0.034,-0.075,-0.1,0.057
22,0,0.0924307133927,2,-0.067,0.201,0.032,-0.075,-0.1,0.057
22,2,0.358506947155,2,-0.067,0.201,0.032,-0.075,-0.1,0.057
22,1,0.0,2,-0.067,0.201,0.032,-0.075,-0.1,0.057
24,0,0.0,0,-0.075,0.0,0.057,-0.075,-0.1,0.057
24,2,0.0,0,-0.075,0.0,0.057,-0.075,-0.1,0.057
24,1,0.0,0,-0.075,0.0,0.057,-0.075,-0.1,0.057
25,0,0.0,1,0.0,0.2,0.057,-0.075,-0.1,0.057
25,2,0.0,1,0.0,0.2,0.057,-0.075,-0.1,0.057
25,1,0.0,1,0.0,0.2,0.057,-0.075,-0.1,0.057
26,0,0.131515516466,1,0.075,0.2,0.08,-0.092,-0.25,0.017
26,2,0.0565677941701,1,0.075,0.2,0.08,-0.092,-0.25,0.017
26,1,0.0745994253073,1,0.075,0.2,0.08,-0.092,-0.25,0.017
27,0,0.154562759378,2,0.092,0.227,0.032,-0.092,-0.25,0.017
27,2,0.238032776351,2,0.092,0.227,0.032,-0.092,-0.25,0.017
27,1,0.217845434231,2,0.092,0.227,0.032,-0.092,-0.25,0.017
28,0,0.0951154710503,0,-0.125,-0.225,0.034,-0.092,-0.25,0.017
28,2,0.0,0,-0.125,-0.225,0.034,-0.092,-0.25,0.017
28,1,0.0,0,-0.125,-0.225,0.034,-0.092,-0.25,0.017
29,0,0.0823517644431,1,-0.075,-0.2,0.017,-0.092,-0.25,0.017
29,2,0.0,1,-0.075,-0.2,0.017,-0.092,-0.25,0.017
29,1,2.29164403775,1,-0.075,-0.2,0.017,-0.092,-0.25,0.017
3,0,0.0,1,-0.115,-0.25,0.034,-0.125,0.25,0.034
3,2,0.0,1,-0.115,-0.25,0.034,-0.125,0.25,0.034
3,1,0.0,1,-0.115,-0.25,0.034,-0.125,0.25,0.034
30,0,0.112382680618,1,0.125,-0.2,0.08,-0.092,-0.25,0.017
30,2,0.0,1,0.125,-0.2,0.08,-0.092,-0.25,0.017
30,1,0.12686220201,1,0.125,-0.2,0.08,-0.092,-0.25,0.017
32,0,0.16781084003,0,-0.125,-0.2,0.08,-0.075,0.2,0.114
32,2,0.0,0,-0.125,-0.2,0.08,-0.075,0.2,0.114
32,1,0.0,0,-0.125,-0.2,0.08,-0.075,0.2,0.114
33,0,0.825891365794,0,-0.075,0.1,0.057,-0.075,0.2,0.114
33,2,0.0,0,-0.075,0.1,0.057,-0.075,0.2,0.114
33,1,0.173829465862,0,-0.075,0.1,0.057,-0.075,0.2,0.114
34,0,0.40097147451,1,0.15,0.25,0.017,-0.075,0.2,0.114
34,2,0.14921650098,1,0.15,0.25,0.017,-0.075,0.2,0.114
34,1,2.82361674,1,0.15,0.25,0.017,-0.075,0.2,0.114
36,0,0.0,1,0.075,0.2,0.097,0.125,-0.2,0.08
36,2,0.0,1,0.075,0.2,0.097,0.125,-0.2,0.08
36,1,0.0,1,0.075,0.2,0.097,0.125,-0.2,0.08
37,0,0.0,1,-0.075,0.2,0.017,0.125,-0.2,0.08
37,2,0.0,1,-0.075,0.2,0.017,0.125,-0.2,0.08
37,1,0.0918100045098,1,-0.075,0.2,0.017,0.125,-0.2,0.08
39,0,0.085930526708,2,-0.092,0.2201,0.032,0.125,-0.2,0.08
39,2,0.139378648884,2,-0.092,0.2201,0.032,0.125,-0.2,0.08
39,1,0.202733938234,2,-0.092,0.2201,0.032,0.125,-0.2,0.08
40,0,0.0,1,0.0,-0.2,0.0,0.125,-0.2,0.08
40,2,0.0,1,0.0,-0.2,0.0,0.125,-0.2,0.08
40,1,0.0,1,0.0,-0.2,0.0,0.125,-0.2,0.08
42,0,0.108766369768,0,0.075,0.1,0.034,0.075,-0.1,0.08
42,2,0.2719003423,0,0.075,0.1,0.034,0.075,-0.1,0.08
42,1,0.112405825948,0,0.075,0.1,0.034,0.075,-0.1,0.08
43,0,0.0,1,0.0,-0.25,0.097,0.075,-0.1,0.08
43,2,0.0606932096368,1,0.0,-0.25,0.097,0.075,-0.1,0.08
43,1,0.0,1,0.0,-0.25,0.097,0.075,-0.1,0.08
44,0,0.0850995038352,1,0.0,0.25,0.0,0.075,-0.1,0.08
44,2,0.0,1,0.0,0.25,0.0,0.075,-0.1,0.08
44,1,0.0716586424524,1,0.0,0.25,0.0,0.075,-0.1,0.08
45,0,0.0,2,-0.067,0.221,0.032,0.075,-0.1,0.08
45,2,0.458140639366,2,-0.067,0.221,0.032,0.075,-0.1,0.08
45,1,0.104458862954,2,-0.067,0.221,0.032,0.075,-0.1,0.08
48,0,0.0,1,-0.092,0.25,0.097,-0.125,-0.1,0.034
48,2,0.0902331979815,1,-0.092,0.25,0.097,-0.125,-0.1,0.034
48,1,0.0789638253064,1,-0.092,0.25,0.097,-0.125,-0.1,0.034
49,0,0.0,1,0.075,0.2,0.08,-0.125,-0.1,0.034
49,2,0.169328853215,1,0.075,0.2,0.08,-0.125,-0.1,0.034
49,1,0.0742278015742,1,0.075,0.2,0.08,-0.125,-0.1,0.034
5,0,0.241004621879,2,0.15,-0.201,0.032,-0.125,0.25,0.034
5,2,0.132229156256,2,0.15,-0.201,0.032,-0.125,0.25,0.034
5,1,0.0,2,0.15,-0.201,0.032,-0.125,0.25,0.034
50,0,0.0978458429151,2,0.092,0.227,0.032,-0.125,-0.1,0.034
50,2,0.0927742263433,2,0.092,0.227,0.032,-0.125,-0.1,0.034
50,1,0.0,2,0.092,0.227,0.032,-0.125,-0.1,0.034
7,0,0.104707885284,0,0.125,0.1,0.08,-0.075,-0.2,0.08
7,2,0.0,0,0.125,0.1,0.08,-0.075,-0.2,0.08
7,1,0.0,0,0.125,0.1,0.08,-0.075,-0.2,0.08
8,0,0.0559692581324,2,0.107,0.201,0.08,-0.075,-0.2,0.08
8,2,0.117217497642,2,0.107,0.201,0.08,-0.075,-0.2,0.08
8,1,0.0,2,0.107,0.201,0.08,-0.075,-0.2,0.08
9,0,0.100274567681,0,-0.125,0.1,0.034,-0.075,-0.2,0.08
9,2,0.0,0,-0.125,0.1,0.034,-0.075,-0.2,0.08
9,1,0.0,0,-0.125,0.1,0.034,-0.075,-0.2,0.08
10,0,0.278477365696,1,0.125,0.2,0.057,-0.075,-0.2,0.08
10,2,0.0888209101428,1,0.125,0.2,0.057,-0.075,-0.2,0.08
10,1,0.0773411229511,1,0.125,0.2,0.057,-0.075,-0.2,0.08
12,0,0.139738595883,0,0.125,-0.2,0.08,0.125,0.2,0.057
12,2,0.0,0,0.125,-0.2,0.08,0.125,0.2,0.057
12,1,0.111620217275,0,0.125,-0.2,0.08,0.125,0.2,0.057
14,0,0.78732188212,0,0.125,0.1,0.08,0.125,0.2,0.057
14,2,0.333739541686,0,0.125,0.1,0.08,0.125,0.2,0.057
14,1,0.364407526002,0,0.125,0.1,0.08,0.125,0.2,0.057
15,0,0.0604680685526,0,-0.075,-0.1,0.034,0.125,0.2,0.057
15,2,0.0846756438617,0,-0.075,-0.1,0.034,0.125,0.2,0.057
15,1,0.0,0,-0.075,-0.1,0.034,0.125,0.2,0.057
16,0,0.0634838499037,1,-0.125,0.25,0.034,-0.075,0.1,0.057
16,2,0.0,1,-0.125,0.25,0.034,-0.075,0.1,0.057
16,1,0.0996444600425,1,-0.125,0.25,0.034,-0.075,0.1,0.057
19,0,0.192198750711,1,0.075,-0.2,0.017,-0.075,0.1,0.057
19,2,0.0,1,0.075,-0.2,0.017,-0.075,0.1,0.057
19,1,0.0,1,0.075,-0.2,0.017,-0.075,0.1,0.057
20,0,0.0667366631412,0,-0.075,-0.1,0.08,-0.075,0.1,0.057
20,2,0.0455630659229,0,-0.075,-0.1,0.08,-0.075,0.1,0.057
20,1,0.0,0,-0.075,-0.1,0.08,-0.075,0.1,0.057
21,0,0.0,1,0.125,0.25,0.034,-0.075,-0.1,0.057
21,2,0.0,1,0.125,0.25,0.034,-0.075,-0.1,0.057
21,1,0.0815742982919,1,0.125,0.25,0.034,-0.075,-0.1,0.057
22,0,0.0,2,-0.067,0.201,0.032,-0.075,-0.1,0.057
22,2,0.487342845656,2,-0.067,0.201,0.032,-0.075,-0.1,0.057
22,1,0.144795452018,2,-0.067,0.201,0.032,-0.075,-0.1,0.057
23,0,0.137937993492,2,-0.175,-0.248,0.0,-0.075,-0.1,0.057
23,2,0.626976448626,2,-0.175,-0.248,0.0,-0.075,-0.1,0.057
23,1,0.0,2,-0.175,-0.248,0.0,-0.075,-0.1,0.057
24,0,0.0422819032934,0,-0.075,0.0,0.057,-0.075,-0.1,0.057
24,2,0.0,0,-0.075,0.0,0.057,-0.075,-0.1,0.057
24,1,0.0285094256255,0,-0.075,0.0,0.057,-0.075,-0.1,0.057
25,0,0.0,1,0.0,0.2,0.057,-0.075,-0.1,0.057
25,2,0.0,1,0.0,0.2,0.057,-0.075,-0.1,0.057
25,1,0.0737670509279,1,0.0,0.2,0.057,-0.075,-0.1,0.057
26,0,0.076710989041,1,0.075,0.2,0.08,-0.092,-0.25,0.017
26,2,0.0,1,0.075,0.2,0.08,-0.092,-0.25,0.017
26,1,0.0704747863482,1,0.075,0.2,0.08,-0.092,-0.25,0.017
27,0,0.110684313741,2,0.092,0.227,0.032,-0.092,-0.25,0.017
27,2,0.0948073466892,2,0.092,0.227,0.032,-0.092,-0.25,0.017
27,1,0.193874154017,2,0.092,0.227,0.032,-0.092,-0.25,0.017
29,0,0.0,1,-0.075,-0.2,0.017,-0.092,-0.25,0.017
29,2,0.0840126383047,1,-0.075,-0.2,0.017,-0.092,-0.25,0.017
29,1,3.43822662513,1,-0.075,-0.2,0.017,-0.092,-0.25,0.017
3,0,0.0,1,-0.115,-0.25,0.034,-0.125,0.25,0.034
3,2,0.0,1,-0.115,-0.25,0.034,-0.125,0.25,0.034
3,1,0.0,1,-0.115,-0.25,0.034,-0.125,0.25,0.034
30,0,0.106285045594,1,0.125,-0.2,0.08,-0.092,-0.25,0.017
30,2,0.105949849246,1,0.125,-0.2,0.08,-0.092,-0.25,0.017
30,1,0.0,1,0.125,-0.2,0.08,-0.092,-0.25,0.017
32,0,0.273107364947,0,-0.125,-0.2,0.08,-0.075,0.2,0.114
32,2,0.0,0,-0.125,-0.2,0.08,-0.075,0.2,0.114
32,1,0.0,0,-0.125,-0.2,0.08,-0.075,0.2,0.114
33,0,1.08282185767,0,-0.075,0.1,0.057,-0.075,0.2,0.114
33,2,0.0,0,-0.075,0.1,0.057,-0.075,0.2,0.114
33,1,0.22634162317,0,-0.075,0.1,0.057,-0.075,0.2,0.114
34,0,0.337221221055,1,0.15,0.25,0.017,-0.075,0.2,0.114
34,2,0.0,1,0.15,0.25,0.017,-0.075,0.2,0.114
34,1,2.73473600681,1,0.15,0.25,0.017,-0.075,0.2,0.114
35,0,0.314287415289,2,-0.092,0.2205,0.032,-0.075,0.2,0.114
35,2,0.686364462755,2,-0.092,0.2205,0.032,-0.075,0.2,0.114
35,1,0.0,2,-0.092,0.2205,0.032,-0.075,0.2,0.114
36,0,0.0,1,0.075,0.2,0.097,0.125,-0.2,0.08
36,2,0.173610188241,1,0.075,0.2,0.097,0.125,-0.2,0.08
36,1,0.0,1,0.075,0.2,0.097,0.125,-0.2,0.08
37,0,0.0,1,-0.075,0.2,0.017,0.125,-0.2,0.08
37,2,0.0,1,-0.075,0.2,0.017,0.125,-0.2,0.08
37,1,0.0977893667486,1,-0.075,0.2,0.017,0.125,-0.2,0.08
38,0,0.0911194746042,0,-0.075,0.2,0.057,0.125,-0.2,0.08
38,2,0.0819889147075,0,-0.075,0.2,0.057,0.125,-0.2,0.08
38,1,0.136778799997,0,-0.075,0.2,0.057,0.125,-0.2,0.08
39,0,0.0819547315681,2,-0.092,0.2201,0.032,0.125,-0.2,0.08
39,2,0.113908951856,2,-0.092,0.2201,0.032,0.125,-0.2,0.08
39,1,0.0,2,-0.092,0.2201,0.032,0.125,-0.2,0.08
4,0,0.0774774770093,1,0.0,-0.25,0.034,-0.125,0.25,0.034
4,2,0.0,1,0.0,-0.25,0.034,-0.125,0.25,0.034
4,1,0.136876457401,1,0.0,-0.25,0.034,-0.125,0.25,0.034
40,0,0.136309979448,1,0.0,-0.2,0.0,0.125,-0.2,0.08
40,2,0.0,1,0.0,-0.2,0.0,0.125,-0.2,0.08
40,1,0.0694006040322,1,0.0,-0.2,0.0,0.125,-0.2,0.08
41,0,0.0,1,-0.075,0.2,0.097,0.075,-0.1,0.08
41,2,0.141412429797,1,-0.075,0.2,0.097,0.075,-0.1,0.08
41,1,0.0,1,-0.075,0.2,0.097,0.075,-0.1,0.08
42,0,0.138545682945,0,0.075,0.1,0.034,0.075,-0.1,0.08
42,2,0.379339830418,0,0.075,0.1,0.034,0.075,-0.1,0.08
42,1,0.232392073924,0,0.075,0.1,0.034,0.075,-0.1,0.08
44,0,0.0,1,0.0,0.25,0.0,0.075,-0.1,0.08
44,2,0.0,1,0.0,0.25,0.0,0.075,-0.1,0.08
44,1,0.0,1,0.0,0.25,0.0,0.075,-0.1,0.08
45,0,0.152281464797,2,-0.067,0.221,0.032,0.075,-0.1,0.08
45,2,0.561086338807,2,-0.067,0.221,0.032,0.075,-0.1,0.08
45,1,0.0811774605917,2,-0.067,0.221,0.032,0.075,-0.1,0.08
46,0,0.0788780749298,0,-0.075,-0.2,0.08,-0.125,-0.1,0.034
46,2,0.0631248932246,0,-0.075,-0.2,0.08,-0.125,-0.1,0.034
46,1,0.0,0,-0.075,-0.2,0.08,-0.125,-0.1,0.034
47,0,0.0,1,-0.075,-0.2,0.017,-0.125,-0.1,0.034
47,2,0.0,1,-0.075,-0.2,0.017,-0.125,-0.1,0.034
47,1,0.0731027960028,1,-0.075,-0.2,0.017,-0.125,-0.1,0.034
49,0,0.0,1,0.075,0.2,0.08,-0.125,-0.1,0.034
49,2,0.139313749575,1,0.075,0.2,0.08,-0.125,-0.1,0.034
49,1,0.0,1,0.075,0.2,0.08,-0.125,-0.1,0.034
5,0,0.261219532331,2,0.15,-0.201,0.032,-0.125,0.25,0.034
5,2,0.147176534124,2,0.15,-0.201,0.032,-0.125,0.25,0.034
5,1,0.0,2,0.15,-0.201,0.032,-0.125,0.25,0.034
50,0,0.239747485039,2,0.092,0.227,0.032,-0.125,-0.1,0.034
50,2,0.423504877004,2,0.092,0.227,0.032,-0.125,-0.1,0.034
50,1,0.161528848028,2,0.092,0.227,0.032,-0.125,-0.1,0.034
6,0,0.0745330203417,1,0.175,-0.25,0.0,-0.075,-0.2,0.08
6,2,0.0,1,0.175,-0.25,0.0,-0.075,-0.2,0.08
6,1,0.0772015745952,1,0.175,-0.25,0.0,-0.075,-0.2,0.08
7,0,0.128884995695,0,0.125,0.1,0.08,-0.075,-0.2,0.08
7,2,0.0,0,0.125,0.1,0.08,-0.075,-0.2,0.08
7,1,0.0,0,0.125,0.1,0.08,-0.075,-0.2,0.08
9,0,0.104816200992,0,-0.125,0.1,0.034,-0.075,-0.2,0.08
9,2,0.0,0,-0.125,0.1,0.034,-0.075,-0.2,0.08
9,1,0.11348469507,0,-0.125,0.1,0.034,-0.075,-0.2,0.08
1,0,0.23643872248,2,-0.125,-0.201,0.032,-0.125,0.25,0.034
1,2,0.283656853079,2,-0.125,-0.201,0.032,-0.125,0.25,0.034
1,1,0.0,2,-0.125,-0.201,0.032,-0.125,0.25,0.034
11,0,0.0,1,-0.117,0.25,0.114,0.125,0.2,0.057
11,2,0.0796856271409,1,-0.117,0.25,0.114,0.125,0.2,0.057
11,1,0.0609967978883,1,-0.117,0.25,0.114,0.125,0.2,0.057
12,0,0.204264827795,0,0.125,-0.2,0.08,0.125,0.2,0.057
12,2,0.0751395503828,0,0.125,-0.2,0.08,0.125,0.2,0.057
12,1,0.111427422102,0,0.125,-0.2,0.08,0.125,0.2,0.057
14,0,0.590121935494,0,0.125,0.1,0.08,0.125,0.2,0.057
14,2,0.232081067793,0,0.125,0.1,0.08,0.125,0.2,0.057
14,1,0.296861126201,0,0.125,0.1,0.08,0.125,0.2,0.057
15,0,0.102827762069,0,-0.075,-0.1,0.034,0.125,0.2,0.057
15,2,0.112959600796,0,-0.075,-0.1,0.034,0.125,0.2,0.057
15,1,0.0554340451474,0,-0.075,-0.1,0.034,0.125,0.2,0.057
16,0,0.0626367588566,1,-0.125,0.25,0.034,-0.075,0.1,0.057
16,2,0.0784932481956,1,-0.125,0.25,0.034,-0.075,0.1,0.057
16,1,0.0746980384643,1,-0.125,0.25,0.034,-0.075,0.1,0.057
17,0,0.0809242464034,1,-0.125,0.25,0.08,-0.075,0.1,0.057
17,2,0.0793529671561,1,-0.125,0.25,0.08,-0.075,0.1,0.057
17,1,0.0960233602037,1,-0.125,0.25,0.08,-0.075,0.1,0.057
18,0,0.192008788565,0,0.125,-0.2,0.034,-0.075,0.1,0.057
18,2,0.145705814151,0,0.125,-0.2,0.034,-0.075,0.1,0.057
18,1,0.0,0,0.125,-0.2,0.034,-0.075,0.1,0.057
19,0,0.110194154527,1,0.075,-0.2,0.017,-0.075,0.1,0.057
19,2,0.0,1,0.075,-0.2,0.017,-0.075,0.1,0.057
19,1,0.0,1,0.075,-0.2,0.017,-0.075,0.1,0.057
2,0,1.01477196153,0,-0.125,0.2,0.08,-0.125,0.25,0.034
2,2,0.220291710819,0,-0.125,0.2,0.08,-0.125,0.25,0.034
2,1,0.0,0,-0.125,0.2,0.08,-0.125,0.25,0.034
20,0,0.0364945814053,0,-0.075,-0.1,0.08,-0.075,0.1,0.057
20,2,0.0689510803734,0,-0.075,-0.1,0.08,-0.075,0.1,0.057
20,1,0.0,0,-0.075,-0.1,0.08,-0.075,0.1,0.057
21,0,0.0,1,0.125,0.25,0.034,-0.075,-0.1,0.057
21,2,0.0,1,0.125,0.25,0.034,-0.075,-0.1,0.057
21,1,0.0720448373604,1,0.125,0.25,0.034,-0.075,-0.1,0.057
23,0,0.123326886559,2,-0.175,-0.248,0.0,-0.075,-0.1,0.057
23,2,0.648170631054,2,-0.175,-0.248,0.0,-0.075,-0.1,0.057
23,1,0.0874981112483,2,-0.175,-0.248,0.0,-0.075,-0.1,0.057
24,0,0.0333656614088,0,-0.075,0.0,0.057,-0.075,-0.1,0.057
24,2,0.0318115868124,0,-0.075,0.0,0.057,-0.075,-0.1,0.057
24,1,0.0,0,-0.075,0.0,0.057,-0.075,-0.1,0.057
25,0,0.0,1,0.0,0.2,0.057,-0.075,-0.1,0.057
25,2,0.0,1,0.0,0.2,0.057,-0.075,-0.1,0.057
25,1,0.0,1,0.0,0.2,0.057,-0.075,-0.1,0.057
26,0,0.0870991815785,1,0.075,0.2,0.08,-0.092,-0.25,0.017
26,2,0.0,1,0.075,0.2,0.08,-0.092,-0.25,0.017
26,1,0.075388720063,1,0.075,0.2,0.08,-0.092,-0.25,0.017
27,0,0.16861486757,2,0.092,0.227,0.032,-0.092,-0.25,0.017
27,2,0.126655441356,2,0.092,0.227,0.032,-0.092,-0.25,0.017
27,1,0.0999635715059,2,0.092,0.227,0.032,-0.092,-0.25,0.017
28,0,0.077742073492,0,-0.125,-0.225,0.034,-0.092,-0.25,0.017
28,2,0.0940765895666,0,-0.125,-0.225,0.034,-0.092,-0.25,0.017
28,1,0.0,0,-0.125,-0.225,0.034,-0.092,-0.25,0.017
29,0,0.105448595073,1,-0.075,-0.2,0.017,-0.092,-0.25,0.017
29,2,0.0,1,-0.075,-0.2,0.017,-0.092,-0.25,0.017
29,1,1.34907888188,1,-0.075,-0.2,0.017,-0.092,-0.25,0.017
3,0,0.0,1,-0.115,-0.25,0.034,-0.125,0.25,0.034
3,2,0.0,1,-0.115,-0.25,0.034,-0.125,0.25,0.034
3,1,0.0426795788783,1,-0.115,-0.25,0.034,-0.125,0.25,0.034
30,0,0.174305074663,1,0.125,-0.2,0.08,-0.092,-0.25,0.017
30,2,0.146716138789,1,0.125,-0.2,0.08,-0.092,-0.25,0.017
30,1,0.151556567458,1,0.125,-0.2,0.08,-0.092,-0.25,0.017
31,0,0.0,1,-0.075,0.2,0.017,-0.075,0.2,0.114
31,2,0.0,1,-0.075,0.2,0.017,-0.075,0.2,0.114
31,1,0.0,1,-0.075,0.2,0.017,-0.075,0.2,0.114
33,0,0.710593911438,0,-0.075,0.1,0.057,-0.075,0.2,0.114
33,2,0.0,0,-0.075,0.1,0.057,-0.075,0.2,0.114
33,1,0.16583112912,0,-0.075,0.1,0.057,-0.075,0.2,0.114
34,0,0.535012951123,1,0.15,0.25,0.017,-0.075,0.2,0.114
34,2,0.109782110075,1,0.15,0.25,0.017,-0.075,0.2,0.114
34,1,3.96522456684,1,0.15,0.25,0.017,-0.075,0.2,0.114
35,0,0.23210242466,2,-0.092,0.2205,0.032,-0.075,0.2,0.114
35,2,0.520503537371,2,-0.092,0.2205,0.032,-0.075,0.2,0.114
35,1,0.0,2,-0.092,0.2205,0.032,-0.075,0.2,0.114
36,0,0.0,1,0.075,0.2,0.097,0.125,-0.2,0.08
36,2,0.0,1,0.075,0.2,0.097,0.125,-0.2,0.08
36,1,0.0,1,0.075,0.2,0.097,0.125,-0.2,0.08
37,0,0.0,1,-0.075,0.2,0.017,0.125,-0.2,0.08
37,2,0.0,1,-0.075,0.2,0.017,0.125,-0.2,0.08
37,1,0.0,1,-0.075,0.2,0.017,0.125,-0.2,0.08
38,0,0.128347612171,0,-0.075,0.2,0.057,0.125,-0.2,0.08
38,2,0.136414916639,0,-0.075,0.2,0.057,0.125,-0.2,0.08
38,1,0.26237055648,0,-0.075,0.2,0.057,0.125,-0.2,0.08
39,0,0.170088590713,2,-0.092,0.2201,0.032,0.125,-0.2,0.08
39,2,0.191659029028,2,-0.092,0.2201,0.032,0.125,-0.2,0.08
39,1,0.179188966169,2,-0.092,0.2201,0.032,0.125,-0.2,0.08
4,0,0.0,1,0.0,-0.25,0.034,-0.125,0.25,0.034
4,2,0.0,1,0.0,-0.25,0.034,-0.125,0.25,0.034
4,1,0.0,1,0.0,-0.25,0.034,-0.125,0.25,0.034
40,0,0.0978310524694,1,0.0,-0.2,0.0,0.125,-0.2,0.08
40,2,0.0,1,0.0,-0.2,0.0,0.125,-0.2,0.08
40,1,0.0,1,0.0,-0.2,0.0,0.125,-0.2,0.08
42,0,0.168998779242,0,0.075,0.1,0.034,0.075,-0.1,0.08
42,2,0.479532154369,0,0.075,0.1,0.034,0.075,-0.1,0.08
42,1,0.29128105802,0,0.075,0.1,0.034,0.075,-0.1,0.08
45,0,0.0,2,-0.067,0.221,0.032,0.075,-0.1,0.08
45,2,0.637002945559,2,-0.067,0.221,0.032,0.075,-0.1,0.08
45,1,0.152137789799,2,-0.067,0.221,0.032,0.075,-0.1,0.08
46,0,0.0770258266446,0,-0.075,-0.2,0.08,-0.125,-0.1,0.034
46,2,0.0599468623604,0,-0.075,-0.2,0.08,-0.125,-0.1,0.034
46,1,0.0,0,-0.075,-0.2,0.08,-0.125,-0.1,0.034
47,0,0.104141002145,1,-0.075,-0.2,0.017,-0.125,-0.1,0.034
47,2,0.0,1,-0.075,-0.2,0.017,-0.125,-0.1,0.034
47,1,0.0,1,-0.075,-0.2,0.017,-0.125,-0.1,0.034
49,0,0.0,1,0.075,0.2,0.08,-0.125,-0.1,0.034
49,2,0.137501558753,1,0.075,0.2,0.08,-0.125,-0.1,0.034
49,1,0.0,1,0.075,0.2,0.08,-0.125,-0.1,0.034
5,0,0.256400456784,2,0.15,-0.201,0.032,-0.125,0.25,0.034
5,2,0.0,2,0.15,-0.201,0.032,-0.125,0.25,0.034
5,1,0.0,2,0.15,-0.201,0.032,-0.125,0.25,0.034
50,0,0.374088946726,2,0.092,0.227,0.032,-0.125,-0.1,0.034
50,2,0.624731139932,2,0.092,0.227,0.032,-0.125,-0.1,0.034
50,1,0.223454814011,2,0.092,0.227,0.032,-0.125,-0.1,0.034
6,0,0.0,1,0.175,-0.25,0.0,-0.075,-0.2,0.08
6,2,0.0858477411901,1,0.175,-0.25,0.0,-0.075,-0.2,0.08
6,1,0.0770069499322,1,0.175,-0.25,0.0,-0.075,-0.2,0.08
8,0,0.0494793914455,2,0.107,0.201,0.08,-0.075,-0.2,0.08
8,2,0.0942068225004,2,0.107,0.201,0.08,-0.075,-0.2,0.08
8,1,0.0489645501157,2,0.107,0.201,0.08,-0.075,-0.2,0.08
9,0,0.272500938636,0,-0.125,0.1,0.034,-0.075,-0.2,0.08
9,2,0.0,0,-0.125,0.1,0.034,-0.075,-0.2,0.08
9,1,0.174338633849,0,-0.125,0.1,0.034,-0.075,-0.2,0.08
1,0,0.175027288531,2,-0.125,-0.201,0.032,-0.125,0.25,0.034
1,2,0.230108732133,2,-0.125,-0.201,0.032,-0.125,0.25,0.034
1,1,0.0,2,-0.125,-0.201,0.032,-0.125,0.25,0.034
10,0,0.400849436843,1,0.125,0.2,0.057,-0.075,-0.2,0.08
10,2,0.0730950149662,1,0.125,0.2,0.057,-0.075,-0.2,0.08
10,1,0.177638547149,1,0.125,0.2,0.057,-0.075,-0.2,0.08
11,0,0.0,1,-0.117,0.25,0.114,0.125,0.2,0.057
11,2,0.103661518305,1,-0.117,0.25,0.114,0.125,0.2,0.057
11,1,0.0698467236315,1,-0.117,0.25,0.114,0.125,0.2,0.057
12,0,0.17449647286,0,0.125,-0.2,0.08,0.125,0.2,0.057
12,2,0.151920948064,0,0.125,-0.2,0.08,0.125,0.2,0.057
12,1,0.105401509628,0,0.125,-0.2,0.08,0.125,0.2,0.057
13,0,0.367564133918,2,-0.175,0.201,0.0,0.125,0.2,0.057
13,2,1.09062726023,2,-0.175,0.201,0.0,0.125,0.2,0.057
13,1,0.0,2,-0.175,0.201,0.0,0.125,0.2,0.057
14,0,0.649293746728,0,0.125,0.1,0.08,0.125,0.2,0.057
14,2,0.249233060689,0,0.125,0.1,0.08,0.125,0.2,0.057
14,1,0.295423745194,0,0.125,0.1,0.08,0.125,0.2,0.057
15,0,0.048020032238,0,-0.075,-0.1,0.034,0.125,0.2,0.057
15,2,0.0615632828791,0,-0.075,-0.1,0.034,0.125,0.2,0.057
15,1,0.0,0,-0.075,-0.1,0.034,0.125,0.2,0.057
16,0,0.0710487901832,1,-0.125,0.25,0.034,-0.075,0.1,0.057
16,2,0.0,1,-0.125,0.25,0.034,-0.075,0.1,0.057
16,1,0.125646267838,1,-0.125,0.25,0.034,-0.075,0.1,0.057
18,0,0.0842185071269,0,0.125,-0.2,0.034,-0.075,0.1,0.057
18,2,0.0,0,0.125,-0.2,0.034,-0.075,0.1,0.057
18,1,0.0,0,0.125,-0.2,0.034,-0.075,0.1,0.057
19,0,0.242132709891,1,0.075,-0.2,0.017,-0.075,0.1,0.057
19,2,0.0,1,0.075,-0.2,0.017,-0.075,0.1,0.057
19,1,0.0,1,0.075,-0.2,0.017,-0.075,0.1,0.057
2,0,0.809492281374,0,-0.125,0.2,0.08,-0.125,0.25,0.034
2,2,0.221228568642,0,-0.125,0.2,0.08,-0.125,0.25,0.034
2,1,0.0,0,-0.125,0.2,0.08,-0.125,0.25,0.034
20,0,0.0651604742232,0,-0.075,-0.1,0.08,-0.075,0.1,0.057
20,2,0.0937450318553,0,-0.075,-0.1,0.08,-0.075,0.1,0.057
20,1,0.0,0,-0.075,-0.1,0.08,-0.075,0.1,0.057
21,0,0.0,1,0.125,0.25,0.034,-0.075,-0.1,0.057
21,2,0.0,1,0.125,0.25,0.034,-0.075,-0.1,0.057
21,1,0.137102931266,1,0.125,0.25,0.034,-0.075,-0.1,0.057
22,0,0.0,2,-0.067,0.201,0.032,-0.075,-0.1,0.057
22,2,0.723463459426,2,-0.067,0.201,0.032,-0.075,-0.1,0.057
22,1,0.124793618293,2,-0.067,0.201,0.032,-0.075,-0.1,0.057
24,0,0.0257891877294,0,-0.075,0.0,0.057,-0.075,-0.1,0.057
24,2,0.0226721592225,0,-0.075,0.0,0.057,-0.075,-0.1,0.057
24,1,0.0,0,-0.075,0.0,0.057,-0.075,-0.1,0.057
27,0,0.0927445857778,2,0.092,0.227,0.032,-0.092,-0.25,0.017
27,2,0.226426390973,2,0.092,0.227,0.032,-0.092,-0.25,0.017
27,1,0.104517464105,2,0.092,0.227,0.032,-0.092,-0.25,0.017
28,0,0.114991006592,0,-0.125,-0.225,0.034,-0.092,-0.25,0.017
28,2,0.0826968995356,0,-0.125,-0.225,0.034,-0.092,-0.25,0.017
28,1,0.0,0,-0.125,-0.225,0.034,-0.092,-0.25,0.017
29,0,0.128767265293,1,-0.075,-0.2,0.017,-0.092,-0.25,0.017
29,2,0.0,1,-0.075,-0.2,0.017,-0.092,-0.25,0.017
29,1,2.96559882333,1,-0.075,-0.2,0.017,-0.092,-0.25,0.017
30,0,0.083892149123,1,0.125,-0.2,0.08,-0.092,-0.25,0.017
30,2,0.0,1,0.125,-0.2,0.08,-0.092,-0.25,0.017
30,1,0.0,1,0.125,-0.2,0.08,-0.092,-0.25,0.017
32,0,0.21503125077,0,-0.125,-0.2,0.08,-0.075,0.2,0.114
32,2,0.0,0,-0.125,-0.2,0.08,-0.075,0.2,0.114
32,1,0.0,0,-0.125,-0.2,0.08,-0.075,0.2,0.114
33,0,0.829250481833,0,-0.075,0.1,0.057,-0.075,0.2,0.114
33,2,0.100486565968,0,-0.075,0.1,0.057,-0.075,0.2,0.114
33,1,0.12329503365,0,-0.075,0.1,0.057,-0.075,0.2,0.114
34,0,0.420182213683,1,0.15,0.25,0.017,-0.075,0.2,0.114
34,2,0.0,1,0.15,0.25,0.017,-0.075,0.2,0.114
34,1,1.10622309447,1,0.15,0.25,0.017,-0.075,0.2,0.114
35,0,0.312204546355,2,-0.092,0.2205,0.032,-0.075,0.2,0.114
35,2,0.540080745874,2,-0.092,0.2205,0.032,-0.075,0.2,0.114
35,1,0.118447265071,2,-0.092,0.2205,0.032,-0.075,0.2,0.114
39,0,0.108377879278,2,-0.092,0.2201,0.032,0.125,-0.2,0.08
39,2,0.164393698223,2,-0.092,0.2201,0.032,0.125,-0.2,0.08
39,1,0.20229211868,2,-0.092,0.2201,0.032,0.125,-0.2,0.08
4,0,0.0,1,0.0,-0.25,0.034,-0.125,0.25,0.034
4,2,0.0,1,0.0,-0.25,0.034,-0.125,0.25,0.034
4,1,0.0747161655783,1,0.0,-0.25,0.034,-0.125,0.25,0.034
40,0,0.089971871741,1,0.0,-0.2,0.0,0.125,-0.2,0.08
40,2,0.0,1,0.0,-0.2,0.0,0.125,-0.2,0.08
40,1,0.0,1,0.0,-0.2,0.0,0.125,-0.2,0.08
41,0,0.0,1,-0.075,0.2,0.097,0.075,-0.1,0.08
41,2,0.0,1,-0.075,0.2,0.097,0.075,-0.1,0.08
41,1,0.0,1,-0.075,0.2,0.097,0.075,-0.1,0.08
42,0,0.306147730496,0,0.075,0.1,0.034,0.075,-0.1,0.08
42,2,0.686741336967,0,0.075,0.1,0.034,0.075,-0.1,0.08
42,1,0.326530606416,0,0.075,0.1,0.034,0.075,-0.1,0.08
43,0,0.0,1,0.0,-0.25,0.097,0.075,-0.1,0.08
43,2,0.0,1,0.0,-0.25,0.097,0.075,-0.1,0.08
43,1,0.0,1,0.0,-0.25,0.097,0.075,-0.1,0.08
45,0,0.0,2,-0.067,0.221,0.032,0.075,-0.1,0.08
45,2,0.687333619184,2,-0.067,0.221,0.032,0.075,-0.1,0.08
45,1,0.105040647793,2,-0.067,0.221,0.032,0.075,-0.1,0.08
46,0,0.0753579691555,0,-0.075,-0.2,0.08,-0.125,-0.1,0.034
46,2,0.0624972422331,0,-0.075,-0.2,0.08,-0.125,-0.1,0.034
46,1,0.0,0,-0.075,-0.2,0.08,-0.125,-0.1,0.034
48,0,0.0,1,-0.092,0.25,0.097,-0.125,-0.1,0.034
48,2,0.0,1,-0.092,0.25,0.097,-0.125,-0.1,0.034
48,1,0.090445714161,1,-0.092,0.25,0.097,-0.125,-0.1,0.034
5,0,0.214682604207,2,0.15,-0.201,0.032,-0.125,0.25,0.034
5,2,0.097774537847,2,0.15,-0.201,0.032,-0.125,0.25,0.034
5,1,0.0,2,0.15,-0.201,0.032,-0.125,0.25,0.034
50,0,0.0,2,0.092,0.227,0.032,-0.125,-0.1,0.034
50,2,0.0,2,0.092,0.227,0.032,-0.125,-0.1,0.034
50,1,0.0,2,0.092,0.227,0.032,-0.125,-0.1,0.034
6,0,0.090342946214,1,0.175,-0.25,0.0,-0.075,-0.2,0.08
6,2,0.134935384725,1,0.175,-0.25,0.0,-0.075,-0.2,0.08
6,1,0.153603900339,1,0.175,-0.25,0.0,-0.075,-0.2,0.08
7,0,0.0987305325896,0,0.125,0.1,0.08,-0.075,-0.2,0.08
7,2,0.0,0,0.125,0.1,0.08,-0.075,-0.2,0.08
7,1,0.0,0,0.125,0.1,0.08,-0.075,-0.2,0.08
8,0,0.0387782234773,2,0.107,0.201,0.08,-0.075,-0.2,0.08
8,2,0.138261387937,2,0.107,0.201,0.08,-0.075,-0.2,0.08
8,1,0.0,2,0.107,0.201,0.08,-0.075,-0.2,0.08
9,0,0.163539747308,0,-0.125,0.1,0.034,-0.075,-0.2,0.08
9,2,0.0,0,-0.125,0.1,0.034,-0.075,-0.2,0.08
9,1,0.0997447329456,0,-0.125,0.1,0.034,-0.075,-0.2,0.08
1,0,0.223331070911,2,-0.125,-0.201,0.032,-0.125,0.25,0.034
1,2,0.355378604111,2,-0.125,-0.201,0.032,-0.125,0.25,0.034
1,1,0.108303513069,2,-0.125,-0.201,0.032,-0.125,0.25,0.034
11,0,0.0,1,-0.117,0.25,0.114,0.125,0.2,0.057
11,2,0.148065238194,1,-0.117,0.25,0.114,0.125,0.2,0.057
11,1,0.0895265998448,1,-0.117,0.25,0.114,0.125,0.2,0.057
12,0,0.175089937066,0,0.125,-0.2,0.08,0.125,0.2,0.057
12,2,0.0946759839336,0,0.125,-0.2,0.08,0.125,0.2,0.057
12,1,0.106766735416,0,0.125,-0.2,0.08,0.125,0.2,0.057
14,0,0.877044740308,0,0.125,0.1,0.08,0.125,0.2,0.057
14,2,0.317295594476,0,0.125,0.1,0.08,0.125,0.2,0.057
14,1,0.435083556605,0,0.125,0.1,0.08,0.125,0.2,0.057
15,0,0.0937392600447,0,-0.075,-0.1,0.034,0.125,0.2,0.057
15,2,0.111462607747,0,-0.075,-0.1,0.034,0.125,0.2,0.057
15,1,0.0,0,-0.075,-0.1,0.034,0.125,0.2,0.057
16,0,0.0,1,-0.125,0.25,0.034,-0.075,0.1,0.057
16,2,0.0,1,-0.125,0.25,0.034,-0.075,0.1,0.057
16,1,0.0995096475123,1,-0.125,0.25,0.034,-0.075,0.1,0.057
18,0,0.270202148189,0,0.125,-0.2,0.034,-0.075,0.1,0.057
18,2,0.0,0,0.125,-0.2,0.034,-0.075,0.1,0.057
18,1,0.0951522853972,0,0.125,-0.2,0.034,-0.075,0.1,0.057
19,0,0.123063829792,1,0.075,-0.2,0.017,-0.075,0.1,0.057
19,2,0.0,1,0.075,-0.2,0.017,-0.075,0.1,0.057
19,1,0.0,1,0.075,-0.2,0.017,-0.075,0.1,0.057
2,0,0.742458539426,0,-0.125,0.2,0.08,-0.125,0.25,0.034
2,2,0.201645839096,0,-0.125,0.2,0.08,-0.125,0.25,0.034
2,1,0.0723652691588,0,-0.125,0.2,0.08,-0.125,0.25,0.034
20,0,0.040600658623,0,-0.075,-0.1,0.08,-0.075,0.1,0.057
20,2,0.0721353740286,0,-0.075,-0.1,0.08,-0.075,0.1,0.057
20,1,0.0,0,-0.075,-0.1,0.08,-0.075,0.1,0.057
21,0,0.0,1,0.125,0.25,0.034,-0.075,-0.1,0.057
21,2,0.0,1,0.125,0.25,0.034,-0.075,-0.1,0.057
21,1,0.0621656005467,1,0.125,0.25,0.034,-0.075,-0.1,0.057
22,0,0.0,2,-0.067,0.201,0.032,-0.075,-0.1,0.057
22,2,0.40673711532,2,-0.067,0.201,0.032,-0.075,-0.1,0.057
22,1,0.0,2,-0.067,0.201,0.032,-0.075,-0.1,0.057
23,0,0.105781354795,2,-0.175,-0.248,0.0,-0.075,-0.1,0.057
23,2,0.459405180995,2,-0.175,-0.248,0.0,-0.075,-0.1,0.057
23,1,0.0714938857358,2,-0.175,-0.248,0.0,-0.075,-0.1,0.057
24,0,0.0,0,-0.075,0.0,0.057,-0.075,-0.1,0.057
24,2,0.0552379191978,0,-0.075,0.0,0.057,-0.075,-0.1,0.057
24,1,0.0,0,-0.075,0.0,0.057,-0.075,-0.1,0.057
25,0,0.0810800084135,1,0.0,0.2,0.057,-0.075,-0.1,0.057
25,2,0.0,1,0.0,0.2,0.057,-0.075,-0.1,0.057
25,1,0.0,1,0.0,0.2,0.057,-0.075,-0.1,0.057
27,0,0.119130233711,2,0.092,0.227,0.032,-0.092,-0.25,0.017
27,2,0.0768119957371,2,0.092,0.227,0.032,-0.092,-0.25,0.017
27,1,0.116888660769,2,0.092,0.227,0.032,-0.092,-0.25,0.017
29,0,0.0,1,-0.075,-0.2,0.017,-0.092,-0.25,0.017
29,2,0.0895351061187,1,-0.075,-0.2,0.017,-0.092,-0.25,0.017
29,1,1.31977400508,1,-0.075,-0.2,0.017,-0.092,-0.25,0.017
30,0,0.0928276454585,1,0.125,-0.2,0.08,-0.092,-0.25,0.017
30,2,0.0,1,0.125,-0.2,0.08,-0.092,-0.25,0.017
30,1,0.0822747759727,1,0.125,-0.2,0.08,-0.092,-0.25,0.017
31,0,0.0866419623957,1,-0.075,0.2,0.017,-0.075,0.2,0.114
31,2,0.075132843097,1,-0.075,0.2,0.017,-0.075,0.2,0.114
31,1,0.0,1,-0.075,0.2,0.017,-0.075,0.2,0.114
32,0,0.323288194512,0,-0.125,-0.2,0.08,-0.075,0.2,0.114
32,2,0.0,0,-0.125,-0.2,0.08,-0.075,0.2,0.114
32,1,0.0,0,-0.125,-0.2,0.08,-0.075,0.2,0.114
33,0,0.694191472795,0,-0.075,0.1,0.057,-0.075,0.2,0.114
33,2,0.151950545367,0,-0.075,0.1,0.057,-0.075,0.2,0.114
33,1,0.147858377791,0,-0.075,0.1,0.057,-0.075,0.2,0.114
34,0,0.266375406765,1,0.15,0.25,0.017,-0.075,0.2,0.114
34,2,0.0,1,0.15,0.25,0.017,-0.075,0.2,0.114
34,1,0.0,1,0.15,0.25,0.017,-0.075,0.2,0.114
35,0,0.157728758063,2,-0.092,0.2205,0.032,-0.075,0.2,0.114
35,2,0.348582496996,2,-0.092,0.2205,0.032,-0.075,0.2,0.114
35,1,0.0,2,-0.092,0.2205,0.032,-0.075,0.2,0.114
36,0,0.0878996624825,1,0.075,0.2,0.097,0.125,-0.2,0.08
36,2,0.0739691952502,1,0.075,0.2,0.097,0.125,-0.2,0.08
36,1,0.0,1,0.075,0.2,0.097,0.125,-0.2,0.08
38,0,0.138288376174,0,-0.075,0.2,0.057,0.125,-0.2,0.08
38,2,0.146277932155,0,-0.075,0.2,0.057,0.125,-0.2,0.08
38,1,0.291310637414,0,-0.075,0.2,0.057,0.125,-0.2,0.08
39,0,0.162475380154,2,-0.092,0.2201,0.032,0.125,-0.2,0.08
39,2,0.234618962936,2,-0.092,0.2201,0.032,0.125,-0.2,0.08
39,1,0.337673827951,2,-0.092,0.2201,0.032,0.125,-0.2,0.08
42,0,0.145625283794,0,0.075,0.1,0.034,0.075,-0.1,0.08
42,2,0.430883205827,0,0.075,0.1,0.034,0.075,-0.1,0.08
42,1,0.174259466458,0,0.075,0.1,0.034,0.075,-0.1,0.08
44,0,0.0,1,0.0,0.25,0.0,0.075,-0.1,0.08
44,2,0.0,1,0.0,0.25,0.0,0.075,-0.1,0.08
44,1,0.0,1,0.0,0.25,0.0,0.075,-0.1,0.08
45,0,0.0,2,-0.067,0.221,0.032,0.075,-0.1,0.08
45,2,0.935752088529,2,-0.067,0.221,0.032,0.075,-0.1,0.08
45,1,0.158334805681,2,-0.067,0.221,0.032,0.075,-0.1,0.08
46,0,0.11379012799,0,-0.075,-0.2,0.08,-0.125,-0.1,0.034
46,2,0.0482591754671,0,-0.075,-0.2,0.08,-0.125,-0.1,0.034
46,1,0.0,0,-0.075,-0.2,0.08,-0.125,-0.1,0.034
47,0,0.0,1,-0.075,-0.2,0.017,-0.125,-0.1,0.034
47,2,0.0,1,-0.075,-0.2,0.017,-0.125,-0.1,0.034
47,1,0.104789656166,1,-0.075,-0.2,0.017,-0.125,-0.1,0.034
49,0,0.0,1,0.075,0.2,0.08,-0.125,-0.1,0.034
49,2,0.0925672453827,1,0.075,0.2,0.08,-0.125,-0.1,0.034
49,1,0.0,1,0.075,0.2,0.08,-0.125,-0.1,0.034
50,0,0.286760898377,2,0.092,0.227,0.032,-0.125,-0.1,0.034
50,2,0.610354552785,2,0.092,0.227,0.032,-0.125,-0.1,0.034
50,1,0.15077516661,2,0.092,0.227,0.032,-0.125,-0.1,0.034
6,0,0.0,1,0.175,-0.25,0.0,-0.075,-0.2,0.08
6,2,0.131025284999,1,0.175,-0.25,0.0,-0.075,-0.2,0.08
6,1,0.0,1,0.175,-0.25,0.0,-0.075,-0.2,0.08
7,0,0.226237538691,0,0.125,0.1,0.08,-0.075,-0.2,0.08
7,2,0.0,0,0.125,0.1,0.08,-0.075,-0.2,0.08
7,1,0.078974734686,0,0.125,0.1,0.08,-0.075,-0.2,0.08
8,0,0.0610214702956,2,0.107,0.201,0.08,-0.075,-0.2,0.08
8,2,0.156357457947,2,0.107,0.201,0.08,-0.075,-0.2,0.08
8,1,0.0415267621936,2,0.107,0.201,0.08,-0.075,-0.2,0.08
9,0,0.252441566662,0,-0.125,0.1,0.034,-0.075,-0.2,0.08
9,2,0.0,0,-0.125,0.1,0.034,-0.075,-0.2,0.08
9,1,0.140443441478,0,-0.125,0.1,0.034,-0.075,-0.2,0.08
1,0,0.236617181771,2,-0.125,-0.201,0.032,-0.125,0.25,0.034
1,2,0.359378010064,2,-0.125,-0.201,0.032,-0.125,0.25,0.034
1,1,0.0,2,-0.125,-0.201,0.032,-0.125,0.25,0.034
10,0,0.405324059988,1,0.125,0.2,0.057,-0.075,-0.2,0.08
10,2,0.0839263725193,1,0.125,0.2,0.057,-0.075,-0.2,0.08
10,1,0.185055880236,1,0.125,0.2,0.057,-0.075,-0.2,0.08
12,0,0.0959944367726,0,0.125,-0.2,0.08,0.125,0.2,0.057
12,2,0.14038523597,0,0.125,-0.2,0.08,0.125,0.2,0.057
12,1,0.0,0,0.125,-0.2,0.08,0.125,0.2,0.057
13,0,0.208642192508,2,-0.175,0.201,0.0,0.125,0.2,0.057
13,2,0.385049513814,2,-0.175,0.201,0.0,0.125,0.2,0.057
13,1,0.0721318830648,2,-0.175,0.201,0.0,0.125,0.2,0.057
14,0,0.689287128909,0,0.125,0.1,0.08,0.125,0.2,0.057
14,2,0.279113610777,0,0.125,0.1,0.08,0.125,0.2,0.057
14,1,0.310828028801,0,0.125,0.1,0.08,0.125,0.2,0.057
18,0,0.206432980328,0,0.125,-0.2,0.034,-0.075,0.1,0.057
18,2,0.0,0,0.125,-0.2,0.034,-0.075,0.1,0.057
18,1,0.0,0,0.125,-0.2,0.034,-0.075,0.1,0.057
21,0,0.0,1,0.125,0.25,0.034,-0.075,-0.1,0.057
21,2,0.0,1,0.125,0.25,0.034,-0.075,-0.1,0.057
21,1,0.0,1,0.125,0.25,0.034,-0.075,-0.1,0.057
25,0,0.0,1,0.0,0.2,0.057,-0.075,-0.1,0.057
25,2,0.0718280071271,1,0.0,0.2,0.057,-0.075,-0.1,0.057
25,1,0.0745981879231,1,0.0,0.2,0.057,-0.075,-0.1,0.057
29,0,0.0,1,-0.075,-0.2,0.017,-0.092,-0.25,0.017
29,2,0.0,1,-0.075,-0.2,0.017,-0.092,-0.25,0.017
29,1,1.60612669123,1,-0.075,-0.2,0.017,-0.092,-0.25,0.017
31,0,0.0937688268656,1,-0.075,0.2,0.017,-0.075,0.2,0.114
31,2,0.0807972388095,1,-0.075,0.2,0.017,-0.075,0.2,0.114
31,1,0.0,1,-0.075,0.2,0.017,-0.075,0.2,0.114
34,0,0.654457263643,1,0.15,0.25,0.017,-0.075,0.2,0.114
34,2,0.0,1,0.15,0.25,0.017,-0.075,0.2,0.114
34,1,0.941353164193,1,0.15,0.25,0.017,-0.075,0.2,0.114
36,0,0.0798590318376,1,0.075,0.2,0.097,0.125,-0.2,0.08
36,2,0.0,1,0.075,0.2,0.097,0.125,-0.2,0.08
36,1,0.0,1,0.075,0.2,0.097,0.125,-0.2,0.08
37,0,0.0,1,-0.075,0.2,0.017,0.125,-0.2,0.08
37,2,0.0,1,-0.075,0.2,0.017,0.125,-0.2,0.08
37,1,0.0,1,-0.075,0.2,0.017,0.125,-0.2,0.08
38,0,0.243229820115,0,-0.075,0.2,0.057,0.125,-0.2,0.08
38,2,0.12288061452,0,-0.075,0.2,0.057,0.125,-0.2,0.08
38,1,0.33465683089,0,-0.075,0.2,0.057,0.125,-0.2,0.08
41,0,0.0643767759466,1,-0.075,0.2,0.097,0.075,-0.1,0.08
41,2,0.15776796142,1,-0.075,0.2,0.097,0.075,-0.1,0.08
41,1,0.0,1,-0.075,0.2,0.097,0.075,-0.1,0.08
44,0,0.0743308669173,1,0.0,0.25,0.0,0.075,-0.1,0.08
44,2,0.0,1,0.0,0.25,0.0,0.075,-0.1,0.08
44,1,0.0,1,0.0,0.25,0.0,0.075,-0.1,0.08
46,0,0.159772288128,0,-0.075,-0.2,0.08,-0.125,-0.1,0.034
46,2,0.117122384362,0,-0.075,-0.2,0.08,-0.125,-0.1,0.034
46,1,0.0,0,-0.075,-0.2,0.08,-0.125,-0.1,0.034
47,0,0.0,1,-0.075,-0.2,0.017,-0.125,-0.1,0.034
47,2,0.0,1,-0.075,-0.2,0.017,-0.125,-0.1,0.034
47,1,0.0,1,-0.075,-0.2,0.017,-0.125,-0.1,0.034
49,0,0.0,1,0.075,0.2,0.08,-0.125,-0.1,0.034
49,2,0.17193275485,1,0.075,0.2,0.08,-0.125,-0.1,0.034
49,1,0.156979771755,1,0.075,0.2,0.08,-0.125,-0.1,0.034
5,0,0.243347642619,2,0.15,-0.201,0.032,-0.125,0.25,0.034
5,2,0.136018449744,2,0.15,-0.201,0.032,-0.125,0.25,0.034
5,1,0.0865650247564,2,0.15,-0.201,0.032,-0.125,0.25,0.034
6,0,0.0,1,0.175,-0.25,0.0,-0.075,-0.2,0.08
6,2,0.0936841810312,1,0.175,-0.25,0.0,-0.075,-0.2,0.08
6,1,0.0,1,0.175,-0.25,0.0,-0.075,-0.2,0.08
9,0,0.228280512597,0,-0.125,0.1,0.034,-0.075,-0.2,0.08
9,2,0.0,0,-0.125,0.1,0.034,-0.075,-0.2,0.08
9,1,0.0960635355349,0,-0.125,0.1,0.034,-0.075,-0.2,0.08
10,0,0.333738042453,1,0.125,0.2,0.057,-0.075,-0.2,0.08
10,2,0.0,1,0.125,0.2,0.057,-0.075,-0.2,0.08
10,1,0.128819139821,1,0.125,0.2,0.057,-0.075,-0.2,0.08
12,0,0.360330196146,0,0.125,-0.2,0.08,0.125,0.2,0.057
12,2,0.211960434477,0,0.125,-0.2,0.08,0.125,0.2,0.057
12,1,0.213825451488,0,0.125,-0.2,0.08,0.125,0.2,0.057
18,0,0.0,0,0.125,-0.2,0.034,-0.075,0.1,0.057
18,2,0.0,0,0.125,-0.2,0.034,-0.075,0.1,0.057
18,1,0.0,0,0.125,-0.2,0.034,-0.075,0.1,0.057
19,0,0.240541986037,1,0.075,-0.2,0.017,-0.075,0.1,0.057
19,2,0.0,1,0.075,-0.2,0.017,-0.075,0.1,0.057
19,1,0.0,1,0.075,-0.2,0.017,-0.075,0.1,0.057
25,0,0.0,1,0.0,0.2,0.057,-0.075,-0.1,0.057
25,2,0.0,1,0.0,0.2,0.057,-0.075,-0.1,0.057
25,1,0.10085120063,1,0.0,0.2,0.057,-0.075,-0.1,0.057
30,0,0.0,1,0.125,-0.2,0.08,-0.092,-0.25,0.017
30,2,0.0,1,0.125,-0.2,0.08,-0.092,-0.25,0.017
30,1,0.179844216987,1,0.125,-0.2,0.08,-0.092,-0.25,0.017
31,0,0.0906299483098,1,-0.075,0.2,0.017,-0.075,0.2,0.114
31,2,0.0,1,-0.075,0.2,0.017,-0.075,0.2,0.114
31,1,0.0,1,-0.075,0.2,0.017,-0.075,0.2,0.114
36,0,0.0840233948,1,0.075,0.2,0.097,0.125,-0.2,0.08
36,2,0.0,1,0.075,0.2,0.097,0.125,-0.2,0.08
36,1,0.0,1,0.075,0.2,0.097,0.125,-0.2,0.08
38,0,0.0,0,-0.075,0.2,0.057,0.125,-0.2,0.08
38,2,0.0,0,-0.075,0.2,0.057,0.125,-0.2,0.08
38,1,0.150486187611,0,-0.075,0.2,0.057,0.125,-0.2,0.08
41,0,0.0,1,-0.075,0.2,0.097,0.075,-0.1,0.08
41,2,0.139317127007,1,-0.075,0.2,0.097,0.075,-0.1,0.08
41,1,0.0,1,-0.075,0.2,0.097,0.075,-0.1,0.08
45,0,0.0980943685046,2,-0.067,0.221,0.032,0.075,-0.1,0.08
45,2,1.00295557586,2,-0.067,0.221,0.032,0.075,-0.1,0.08
45,1,0.136507911493,2,-0.067,0.221,0.032,0.075,-0.1,0.08
47,0,0.0,1,-0.075,-0.2,0.017,-0.125,-0.1,0.034
47,2,0.0,1,-0.075,-0.2,0.017,-0.125,-0.1,0.034
47,1,0.0833953865804,1,-0.075,-0.2,0.017,-0.125,-0.1,0.034
9,0,0.0869399789555,0,-0.125,0.1,0.034,-0.075,-0.2,0.08
9,2,0.0,0,-0.125,0.1,0.034,-0.075,-0.2,0.08
9,1,0.064764808749,0,-0.125,0.1,0.034,-0.075,-0.2,0.08
10,0,0.450837887521,1,0.125,0.2,0.057,-0.075,-0.2,0.08
10,2,0.0,1,0.125,0.2,0.057,-0.075,-0.2,0.08
10,1,0.160108837896,1,0.125,0.2,0.057,-0.075,-0.2,0.08
12,0,0.287172849984,0,0.125,-0.2,0.08,0.125,0.2,0.057
12,2,0.196160412899,0,0.125,-0.2,0.08,0.125,0.2,0.057
12,1,0.200064175314,0,0.125,-0.2,0.08,0.125,0.2,0.057
13,0,0.404116269538,2,-0.175,0.201,0.0,0.125,0.2,0.057
13,2,0.875636115866,2,-0.175,0.201,0.0,0.125,0.2,0.057
13,1,0.122299265523,2,-0.175,0.201,0.0,0.125,0.2,0.057
38,0,0.178944083436,0,-0.075,0.2,0.057,0.125,-0.2,0.08
38,2,0.160165465175,0,-0.075,0.2,0.057,0.125,-0.2,0.08
38,1,0.250360193536,0,-0.075,0.2,0.057,0.125,-0.2,0.08
7,0,0.110001339107,0,0.125,0.1,0.08,-0.075,-0.2,0.08
7,2,0.0,0,0.125,0.1,0.08,-0.075,-0.2,0.08
7,1,0.043697141022,0,0.125,0.1,0.08,-0.075,-0.2,0.08
8,0,0.043310347256,2,0.107,0.201,0.08,-0.075,-0.2,0.08
8,2,0.119829724381,2,0.107,0.201,0.08,-0.075,-0.2,0.08
8,1,0.0427064282652,2,0.107,0.201,0.08,-0.075,-0.2,0.08
9,0,0.397791501915,0,-0.125,0.1,0.034,-0.075,-0.2,0.08
9,2,0.143019359629,0,-0.125,0.1,0.034,-0.075,-0.2,0.08
9,1,0.151539021685,0,-0.125,0.1,0.034,-0.075,-0.2,0.08
10,0,0.145001838956,1,0.125,0.2,0.057,-0.075,-0.2,0.08
10,2,0.0,1,0.125,0.2,0.057,-0.075,-0.2,0.08
10,1,0.0917579718001,1,0.125,0.2,0.057,-0.075,-0.2,0.08
38,0,0.201507319781,0,-0.075,0.2,0.057,0.125,-0.2,0.08
38,2,0.158340614525,0,-0.075,0.2,0.057,0.125,-0.2,0.08
38,1,0.351182052632,0,-0.075,0.2,0.057,0.125,-0.2,0.08
10,0,0.314563932949,1,0.125,0.2,0.057,-0.075,-0.2,0.08
10,2,0.0741235216424,1,0.125,0.2,0.057,-0.075,-0.2,0.08
10,1,0.162568226873,1,0.125,0.2,0.057,-0.075,-0.2,0.08
12,0,0.0,0,0.125,-0.2,0.08,0.125,0.2,0.057
12,2,0.0,0,0.125,-0.2,0.08,0.125,0.2,0.057
12,1,0.0,0,0.125,-0.2,0.08,0.125,0.2,0.057
44,0,0.118198341035,1,0.0,0.25,0.0,0.075,-0.1,0.08
44,2,0.0972008458809,1,0.0,0.25,0.0,0.075,-0.1,0.08
44,1,0.0,1,0.0,0.25,0.0,0.075,-0.1,0.08
9,0,16.55015628,0,-0.125,0.1,0.034,-0.075,-0.2,0.08
9,2,0.0,0,-0.125,0.1,0.034,-0.075,-0.2,0.08
9,1,0.0,0,-0.125,0.1,0.034,-0.075,-0.2,0.08
10,0,0.209167214221,1,0.125,0.2,0.057,-0.075,-0.2,0.08
10,2,0.0,1,0.125,0.2,0.057,-0.075,-0.2,0.08
10,1,0.0887420034737,1,0.125,0.2,0.057,-0.075,-0.2,0.08
